@VishalShaw31,@ravi_shetty5COMR,{'weight': 1}
@Firstcricket,@WaridAdiya,{'weight': 1}
@Firstcricket,@ankidoc,{'weight': 1}
@Firstcricket,@seetharama_kotari,{'weight': 1}
@Firstcricket,@Gaurav_Narayan_Tripathi,{'weight': 1}
@Firstcricket,@shamikaitc,{'weight': 1}
@Firstcricket,@Hitman_45,{'weight': 1}
@Firstcricket,@Raghavendra2342,{'weight': 1}
@Hardikvparekh,@Sarcasm007,{'weight': 2}
@cricketwallah,@krishanu_22,{'weight': 1}
@cricketwallah,@kavithaKJOIQ,{'weight': 11}
@cricketwallah,@The_Kamran_Words,{'weight': 1}
@cricketwallah,@shivam7084,{'weight': 1}
@cricketwallah,@arun_marwah,{'weight': 1}
@cricketwallah,@namanD0EL1,{'weight': 1}
@cricketwallah,@chandana_somashekar,{'weight': 1}
@cricketwallah,@navaneeth_rayavarapu,{'weight': 1}
@StarSportsIndia,@kavithaKJOIQ,{'weight': 17}
@StarSportsIndia,@vivek0505,{'weight': 6}
@StarSportsIndia,@Avilash_Pati,{'weight': 1}
@StarSportsIndia,@Reet_reet1A,{'weight': 17}
@StarSportsIndia,@14.5.1998,{'weight': 1}
@StarSportsIndia,@subrata_dey6U3QS,{'weight': 1}
@StarSportsIndia,@Ubaid4182,{'weight': 1}
@StarSportsIndia,@Vifaq_Raza_,{'weight': 1}
@StarSportsIndia,@visshu1118,{'weight': 1}
@StarSportsIndia,@indrabhushan_84,{'weight': 2}
@StarSportsIndia,@bharat_singh_negiB2Q5S,{'weight': 1}
@StarSportsIndia,@Siddardha_Roy,{'weight': 1}
@StarSportsIndia,@Subhajit_Majumdar,{'weight': 1}
@StarSportsIndia,@karthik_rao_g,{'weight': 1}
@StarSportsIndia,@Mirza_,{'weight': 2}
@StarSportsIndia,@imAnoopT,{'weight': 1}
@StarSportsIndia,@dahal_qiran,{'weight': 1}
@StarSportsIndia,@R_a_y_s,{'weight': 5}
@StarSportsIndia,@avishakdebroy,{'weight': 2}
@StarSportsIndia,@senju.hashirama,{'weight': 2}
@StarSportsIndia,@krishanu_22,{'weight': 1}
@StarSportsIndia,@antriksh_j,{'weight': 1}
@StarSportsIndia,@Shiv2829,{'weight': 1}
@IANS,@IANS,{'weight': 1}
@IANS,@KRHMATH,{'weight': 1}
@IANS,@कौशिकशिल,{'weight': 1}
@IANS,@rajbiharii,{'weight': 1}
@godmemer,@shamikaitc,{'weight': 1}
@godmemer,@abhiseo,{'weight': 1}
@godmemer,@SGTEXRAJNISH_KUMAR,{'weight': 1}
@srinivaschintala,@DushyantWarhekar,{'weight': 8}
@srinivaschintala,@Atul_Kaulgud,{'weight': 1}
@srinivaschintala,@gappu628,{'weight': 3}
@srinivaschintala,@KRHMATH,{'weight': 6}
@srinivaschintala,@soumyadeep4V0UK,{'weight': 2}
@srinivaschintala,@babluMAJB3,{'weight': 1}
@srinivaschintala,@virendra_sharmaANDGB,{'weight': 1}
@srinivaschintala,@amarkantca,{'weight': 1}
@srinivaschintala,@SaturnsOwn,{'weight': 1}
@srinivaschintala,@raj_kumar4IU48,{'weight': 1}
@srinivaschintala,@praveen8M06K,{'weight': 1}
@srinivaschintala,@Narendra_Gunjal,{'weight': 1}
@srinivaschintala,@atarhar,{'weight': 1}
@srinivaschintala,@mohanasundaram6OJQG,{'weight': 1}
@srinivaschintala,@AK6HPTJ,{'weight': 2}
@srinivaschintala,@Indian4nf0o,{'weight': 1}
@srinivaschintala,@कौशिकशिल,{'weight': 3}
@srinivaschintala,@cheemachu,{'weight': 1}
@srinivaschintala,@raj_pandey6PG46,{'weight': 1}
@srinivaschintala,@sajiL405K,{'weight': 1}
@srinivaschintala,@kirito,{'weight': 1}
@srinivaschintala,@Cuper,{'weight': 1}
@srinivaschintala,@मधु_पुत्र_पाटील,{'weight': 1}
@srinivaschintala,@maithili99,{'weight': 1}
@srinivaschintala,@BhaukaalHoonMain,{'weight': 1}
@Abhisek_Dutta,@shekharrr,{'weight': 1}
@TOISports,@ayush_anandG9T05,{'weight': 1}
@TOISports,@prafuljoshi,{'weight': 1}
@TOISports,@timesofindia,{'weight': 1}
@TOISports,@Butt_sanan4,{'weight': 1}
@TOISports,@atarhar,{'weight': 1}
@TOISports,@SANAT_KUMAR_MAHAPATRA,{'weight': 1}
@TOISports,@Bikramsamanta,{'weight': 3}
@TOISports,@boney_bajwa,{'weight': 1}
@TOISports,@Hitman_45,{'weight': 1}
@TOISports,@Hyper4042,{'weight': 1}
@TOISports,@sagar92sharma,{'weight': 1}
@TOISports,@Sukhi_Aatma,{'weight': 1}
@TOISports,@Gulam_Munawar,{'weight': 1}
@TOISports,@kosh55C9E,{'weight': 1}
@TOISports,@ShivaSS,{'weight': 1}
@xtratime,@twitter_koo,{'weight': 1}
@xtratime,@sportingavilash,{'weight': 2}
@kookkuSingh,@manjiBD093,{'weight': 1}
@dilhaicricket,@WasimJaffer14,{'weight': 1}
@robinuthappa,@realmandy_7,{'weight': 1}
@robinuthappa,@ved_parkash_sharmaMOVOJ,{'weight': 2}
@robinuthappa,@SamarthChauhan,{'weight': 4}
@robinuthappa,@sudarshan,{'weight': 2}
@robinuthappa,@arun_marwah,{'weight': 1}
@robinuthappa,@_AkshaySingh,{'weight': 1}
@robinuthappa,@rosh_singh98,{'weight': 3}
@robinuthappa,@dr_amaresh_chandra_pandey,{'weight': 1}
@robinuthappa,@bharatbhaskar,{'weight': 1}
@robinuthappa,@subrata_dey6U3QS,{'weight': 1}
@robinuthappa,@Ramananda_SahuLQTFI,{'weight': 1}
@robinuthappa,@DushyantWarhekar,{'weight': 1}
@robinuthappa,@dilip_verma8P3BB,{'weight': 1}
@robinuthappa,@Utkarsh_Shaw,{'weight': 1}
@robinuthappa,@Sanjjeevk,{'weight': 1}
@robinuthappa,@DheerajKumarLQSK,{'weight': 1}
@robinuthappa,@singhcp007,{'weight': 1}
@robinuthappa,@shivangiLP9C0,{'weight': 2}
@robinuthappa,@since_1998_98,{'weight': 1}
@robinuthappa,@aditya_nair,{'weight': 1}
@robinuthappa,@upsc_backbencher,{'weight': 1}
@robinuthappa,@utkarsha_fogla,{'weight': 1}
@robinuthappa,@DSrini_SrinivasanDhanushkody,{'weight': 1}
@robinuthappa,@Kumar102,{'weight': 1}
@robinuthappa,@rajat1991,{'weight': 1}
@robinuthappa,@A_Shaiva,{'weight': 1}
@robinuthappa,@rathod1987,{'weight': 1}
@realmandy_7,@WasimJaffer14,{'weight': 2}
@CASFPCHANNEL,@drsunilthakare,{'weight': 1}
@CASFPCHANNEL,@shamikaitc,{'weight': 2}
@er_subham,@sagar92sharma,{'weight': 1}
@kavithaKJOIQ,@WasimJaffer14,{'weight': 5}
@kavithaKJOIQ,@wasimakramlive,{'weight': 2}
@kavithaKJOIQ,@mdshami11,{'weight': 1}
@kavithaKJOIQ,@alexandar5,{'weight': 2}
@kavithaKJOIQ,@azharflicks,{'weight': 9}
@kavithaKJOIQ,@hanumavihari,{'weight': 5}
@kavithaKJOIQ,@GK75,{'weight': 9}
@kavithaKJOIQ,@sanjaymanjrekar,{'weight': 1}
@kavithaKJOIQ,@piyushchawlaofficial,{'weight': 3}
@kavithaKJOIQ,@wvraman,{'weight': 3}
@kavithaKJOIQ,@sakariya.chetan,{'weight': 1}
@kavithaKJOIQ,@ishan55,{'weight': 1}
@kavithaKJOIQ,@shamsheryadav17,{'weight': 1}
@kavithaKJOIQ,@cricketaakash,{'weight': 1}
@kavithaKJOIQ,@vinodkambli,{'weight': 1}
@kavithaKJOIQ,@kan_261,{'weight': 2}
@kavithaKJOIQ,@AbhinavMukund,{'weight': 1}
@ESPNcricinfo,@Reet_reet1A,{'weight': 10}
@ESPNcricinfo,@shamikaitc,{'weight': 7}
@ESPNcricinfo,@Avilash_Pati,{'weight': 1}
@ESPNcricinfo,@vadini_,{'weight': 1}
@ESPNcricinfo,@Subhash_choudhary_.09,{'weight': 1}
@ESPNcricinfo,@jaspreet_kaur3689,{'weight': 1}
@ESPNcricinfo,@kalahandia,{'weight': 1}
@ESPNcricinfo,@prathmeshv,{'weight': 1}
@ESPNcricinfo,@itscssofficial,{'weight': 2}
@ESPNcricinfo,@Rajendra_Malgundkar,{'weight': 3}
@ESPNcricinfo,@tagore_333,{'weight': 2}
@ESPNcricinfo,@amit_kumar896134,{'weight': 1}
@ESPNcricinfo,@KRHMATH,{'weight': 1}
@ESPNcricinfo,@navneet0607,{'weight': 1}
@ESPNcricinfo,@tallboykarthik,{'weight': 1}
@ESPNcricinfo,@Pranshoo,{'weight': 3}
@ESPNcricinfo,@pradeep4O964,{'weight': 1}
@ESPNcricinfo,@AnkurMishra1998,{'weight': 2}
@ESPNcricinfo,@sidlfc_05,{'weight': 2}
@ESPNcricinfo,@Md.mojamil_Md.mojamil,{'weight': 1}
@ESPNcricinfo,@seetharama_kotari,{'weight': 1}
@ESPNcricinfo,@பத்திரிநாராயணன்,{'weight': 1}
@ESPNcricinfo,@Gaurav_Narayan_Tripathi,{'weight': 1}
@ESPNcricinfo,@chhotu123,{'weight': 1}
@ESPNcricinfo,@Tajinder.Rikhi,{'weight': 1}
@ESPNcricinfo,@Adam_7NK,{'weight': 2}
@ESPNcricinfo,@अरुण_कुमार_सिंह51QKM,{'weight': 1}
@ESPNcricinfo,@jravindr,{'weight': 1}
@ESPNcricinfo,@zelda_1008,{'weight': 1}
@ESPNcricinfo,@nikks1221,{'weight': 1}
@ESPNcricinfo,@subrata_dey6U3QS,{'weight': 1}
@ESPNcricinfo,@ash_98,{'weight': 2}
@ESPNcricinfo,@iKaushik365,{'weight': 1}
@ESPNcricinfo,@arun_marwah,{'weight': 2}
@ESPNcricinfo,@aqib_mr_perfect,{'weight': 1}
@ESPNcricinfo,@upsc_backbencher,{'weight': 1}
@ESPNcricinfo,@guest_ME0O5,{'weight': 1}
@ESPNcricinfo,@satyamsghagre17,{'weight': 2}
@ESPNcricinfo,@vijay_mishra4BR87,{'weight': 1}
@ESPNcricinfo,@rnb129,{'weight': 1}
@ESPNcricinfo,@imabhimahajan,{'weight': 2}
@ESPNcricinfo,@Asthana,{'weight': 1}
@ESPNcricinfo,@ESPNcricinfo,{'weight': 1}
@ESPNcricinfo,,{'weight': 1}
@ESPNcricinfo,@Adv._Mahajan.,{'weight': 1}
@ESPNcricinfo,@artistic_vibes,{'weight': 1}
@ESPNcricinfo,@Satya_prakash_AwasthiKQV0P,{'weight': 1}
@ESPNcricinfo,@sagar_moreBJ4A8,{'weight': 1}
@ESPNcricinfo,@MeerRaashid,{'weight': 1}
@ESPNcricinfo,@sagar92sharma,{'weight': 1}
@Reet_reet1A,@sportstiger,{'weight': 2}
@amolm11,@bhadrakumar_k_modi_,{'weight': 2}
@amolm11,@_AkshaySingh,{'weight': 1}
@amolm11,@aks220,{'weight': 1}
@amolm11,@arun_marwah,{'weight': 1}
@amolm11,@nikkhilchopraa,{'weight': 1}
@amolm11,@Pal9400,{'weight': 1}
@amolm11,@rahulbej,{'weight': 1}
@amolm11,,{'weight': 1}
@bhadrakumar_k_modi_,@Urvashi.choudharyy1,{'weight': 1}
@vivek0505,@koushikv1992,{'weight': 1}
@vivek0505,@hanumavihari,{'weight': 2}
@vivek0505,@mdshami11,{'weight': 1}
@vivek0505,@WasimJaffer14,{'weight': 3}
@vivek0505,@piyushchawlaofficial,{'weight': 1}
@vivek0505,@sakariya.chetan,{'weight': 1}
@vivek0505,@wriddhi,{'weight': 1}
@vivek0505,@dheerajtwry,{'weight': 3}
@vivek0505,@azharflicks,{'weight': 3}
@vivek0505,@kan_261,{'weight': 2}
@vivek0505,@CricTracker,{'weight': 1}
@vivek0505,@tanmay_mishra,{'weight': 1}
@Sarcasm007,@Indian4nf0o,{'weight': 1}
@Sarcasm007,@ThalapathyForever,{'weight': 1}
@Sarcasm007,@gappu628,{'weight': 1}
@Sarcasm007,@shravan_jain0,{'weight': 1}
@Sarcasm007,@sanjaydasyye748,{'weight': 1}
@Sarcasm007,@rampunjabi,{'weight': 1}
@Sarcasm007,@Diptangshu,{'weight': 1}
@Sarcasm007,@DevRt15,{'weight': 1}
@Sarcasm007,@shekharrr,{'weight': 1}
@Sarcasm007,@mrkotians,{'weight': 1}
@Sarcasm007,@amitD23GA,{'weight': 1}
@Sarcasm007,@deepakM0BM9,{'weight': 1}
@Sarcasm007,@zelda_1008,{'weight': 1}
@Sarcasm007,@bhavin62,{'weight': 1}
@Sarcasm007,@KRHMATH,{'weight': 12}
@Sarcasm007,@सुमन_कुमार_साहू,{'weight': 1}
@Sarcasm007,@hindustniMJ831,{'weight': 2}
@Sarcasm007,@Divya_bhatia07,{'weight': 1}
@Sarcasm007,@Gary_Sheth_,{'weight': 4}
@Sarcasm007,@shiv_kumar59FH2,{'weight': 1}
@Sarcasm007,@அபிஷேக்_ராஜா,{'weight': 1}
@Sarcasm007,@aditya_nair,{'weight': 1}
@Sarcasm007,@RudraBalsara,{'weight': 1}
@Sarcasm007,@sagar92sharma,{'weight': 4}
@Avilash_Pati,@GK75,{'weight': 1}
@Bharat_Varsh_,@Hemen2002,{'weight': 1}
@Bharat_Varsh_,@sharma8492,{'weight': 1}
@Bharat_Varsh_,@shamikaitc,{'weight': 1}
@Bharat_Varsh_,,{'weight': 1}
@Bharat_Varsh_,@रवि_अबरोल,{'weight': 3}
@Bharat_Varsh_,@PammalGuru,{'weight': 1}
@Bharat_Varsh_,@gsr_view,{'weight': 1}
@kkr2105,@wasimakramlive,{'weight': 1}
@kkr2105,@hindustniMJ831,{'weight': 1}
@memes_zone12z,@memes_zone12z,{'weight': 1}
@piyushchawlaofficial,@Visu_89,{'weight': 1}
@piyushchawlaofficial,@shivam2508,{'weight': 1}
@piyushchawlaofficial,@Shiv2829,{'weight': 3}
@piyushchawlaofficial,@manoj_sepat,{'weight': 2}
@piyushchawlaofficial,@rithikchouhan,{'weight': 1}
@piyushchawlaofficial,@KRHMATH,{'weight': 3}
@piyushchawlaofficial,@rosh_singh98,{'weight': 1}
@piyushchawlaofficial,@महाराज_शान्तनु,{'weight': 1}
@piyushchawlaofficial,@nikhil_122,{'weight': 1}
@piyushchawlaofficial,@divakar_kotian,{'weight': 1}
@piyushchawlaofficial,@pradeep4QRD0,{'weight': 1}
@piyushchawlaofficial,@abhiramcanil,{'weight': 1}
@piyushchawlaofficial,@Ratnesh_kumar9,{'weight': 1}
@piyushchawlaofficial,@subrata_dey6U3QS,{'weight': 1}
@piyushchawlaofficial,@rohit_chaurasiya7FT3A,{'weight': 1}
@piyushchawlaofficial,@ashishsingh0612,{'weight': 1}
@piyushchawlaofficial,@dilip_verma8P3BB,{'weight': 1}
@piyushchawlaofficial,@shivam7084,{'weight': 1}
@piyushchawlaofficial,@भावेश_बोहरा,{'weight': 1}
@piyushchawlaofficial,@karthik_sahu,{'weight': 1}
@piyushchawlaofficial,@piyushchawlaofficial,{'weight': 1}
@piyushchawlaofficial,,{'weight': 1}
@kshitijkala,@DushyantWarhekar,{'weight': 1}
@excitedindian,@indrabhushan_84,{'weight': 2}
@excitedindian,@shamikaitc,{'weight': 1}
@sistec_tushar,@ravi_shetty5COMR,{'weight': 1}
@dasv4249,@punditry,{'weight': 1}
@punditry,@AdhokshR,{'weight': 1}
@punditry,@vinodkambli,{'weight': 1}
@Rajendra_Malgundkar,@vinodkambli,{'weight': 1}
@dgirlwhowrites,@raj_pandey6PG46,{'weight': 1}
@dgirlwhowrites,@sanjay15kb,{'weight': 1}
@dgirlwhowrites,@anzindianews,{'weight': 1}
@dgirlwhowrites,@CricketIndiaShow,{'weight': 1}
@dgirlwhowrites,@akshar,{'weight': 3}
@Pankaj_Dhoke,@क्रिकेटलव्हर,{'weight': 7}
@sachinghasil,@balikabalida,{'weight': 1}
@Doc_SD,@Doc_SD,{'weight': 1}
@Doc_SD,@hindustniMJ831,{'weight': 1}
@sportstiger,@Gaurav_Narayan_Tripathi,{'weight': 1}
@sportstiger,@mehul_shah84B3A,{'weight': 1}
@sportstiger,@Rajesh_Iyer,{'weight': 1}
@sportstiger,@indrabhushan_84,{'weight': 1}
@sportstiger,@vivek_raghav_pandey,{'weight': 1}
@sportstiger,@gagan69795,{'weight': 1}
@newsupdates,@shamikaitc,{'weight': 1}
@newsupdates,@KRHMATH,{'weight': 1}
@aaakashvermaaa,@sanjay15kb,{'weight': 2}
@aaakashvermaaa,@imAnoopT,{'weight': 1}
@aaakashvermaaa,@Raashi,{'weight': 1}
@aaakashvermaaa,@Ms97,{'weight': 1}
@aaakashvermaaa,@Indu_bhagat,{'weight': 1}
@aaakashvermaaa,@Abhisar_Gupta,{'weight': 1}
@aaakashvermaaa,@pankaj.designer,{'weight': 1}
@aaakashvermaaa,@pc_nina,{'weight': 1}
@sanjay15kb,@WasimJaffer14,{'weight': 1}
@sanjay15kb,@tridibbaparnash,{'weight': 1}
@sanjay15kb,@GK75,{'weight': 1}
@sanjay15kb,@akshar,{'weight': 1}
@VijayShankarWNTU,@hindustniMJ831,{'weight': 1}
@AbhinavMukund,@dhilipLR9GF,{'weight': 1}
@AbhinavMukund,@Gyanendra4U,{'weight': 1}
@AbhinavMukund,@navaneeth_rayavarapu,{'weight': 1}
@AbhinavMukund,@KRHMATH,{'weight': 1}
@AbhinavMukund,@pradeep4O964,{'weight': 1}
@AbhinavMukund,@thakurshivam294,{'weight': 1}
@AbhinavMukund,@aravi45,{'weight': 1}
@AbhinavMukund,,{'weight': 1}
@Suravi_P,@twitter_koo,{'weight': 1}
@IamRo45.,@IamRo45.,{'weight': 5}
@IamRo45.,@Sai457,{'weight': 1}
@anzindianews,@DS_PREM,{'weight': 1}
@rvcjmediafanclub,@parth_sudhir_trivedi,{'weight': 1}
@rishid100,@भावेश_बोहरा,{'weight': 1}
@rishid100,@rosh_singh98,{'weight': 1}
@shamikaitc,@cheteshwarpujara,{'weight': 1}
@shamikaitc,@WasimJaffer14,{'weight': 1}
@shamikaitc,@sun_sunny03,{'weight': 1}
@shamikaitc,@Abhishree,{'weight': 1}
@shamikaitc,@Furkan_Amreliya,{'weight': 2}
@shamikaitc,@Sports360°,{'weight': 6}
@shamikaitc,@prathikLNEHM,{'weight': 2}
@shamikaitc,@anushkaMI9I2,{'weight': 1}
@shamikaitc,@ruchik_trivedi,{'weight': 1}
@shamikaitc,@Antsun,{'weight': 1}
@shamikaitc,@Raja_BilalME1LG,{'weight': 1}
@shamikaitc,@microjesh,{'weight': 2}
@shamikaitc,@azharuddinAxom,{'weight': 1}
@shamikaitc,@rishabhg12,{'weight': 2}
@shamikaitc,@naveed_jk,{'weight': 1}
@shamikaitc,@Er_surajbiroriya,{'weight': 1}
@shamikaitc,@guest_MH3VP,{'weight': 1}
@shamikaitc,@ankit_vermaLSCK6,{'weight': 1}
@shamikaitc,@marine_equipments_chennai,{'weight': 1}
@shamikaitc,@AbhiKapshikar,{'weight': 1}
@shamikaitc,@GK75,{'weight': 2}
@shamikaitc,@aman_awasthi,{'weight': 1}
@shamikaitc,@Monty15,{'weight': 2}
@shamikaitc,@stylesatlife,{'weight': 1}
@shamikaitc,@Rudra_rudra12D,{'weight': 1}
@shamikaitc,@rushijoshi,{'weight': 1}
@shamikaitc,@vivazvikas,{'weight': 1}
@shamikaitc,@shivam7084,{'weight': 3}
@shamikaitc,@prarabdh_Upadhyay,{'weight': 1}
@shamikaitc,@आदर्श_वाद,{'weight': 1}
@shamikaitc,@alter_ego,{'weight': 2}
@shamikaitc,@Vaibhav_JaiswalK369P,{'weight': 1}
@shamikaitc,@sonia_marwah,{'weight': 1}
@shamikaitc,@amanroy.23,{'weight': 1}
@shamikaitc,@travelnindia,{'weight': 2}
@shamikaitc,@aks_alone,{'weight': 1}
@shamikaitc,@Prashant_Lamba__the_star,{'weight': 1}
@shamikaitc,@KeineNachName,{'weight': 2}
@shamikaitc,@kpop,{'weight': 1}
@shamikaitc,@kmrraghav,{'weight': 1}
@shamikaitc,@drpavansonarmumbai,{'weight': 1}
@shamikaitc,@mayantilangerbinny,{'weight': 1}
@shamikaitc,@alexandar5,{'weight': 1}
@shamikaitc,@iammurali,{'weight': 1}
@shamikaitc,@jaypal__rajput,{'weight': 1}
@shamikaitc,@Sachin_Dave,{'weight': 1}
@shamikaitc,@diamondAOVOT,{'weight': 1}
@shamikaitc,@shri_shashank,{'weight': 1}
@shamikaitc,@AmolPophali,{'weight': 1}
@shamikaitc,@azharflicks,{'weight': 1}
@shamikaitc,@wriddhi,{'weight': 1}
@shamikaitc,@shivam_kashyap12,{'weight': 1}
@shamikaitc,@sandipan_sipu,{'weight': 1}
@shamikaitc,@wvraman,{'weight': 1}
@shamikaitc,@betki,{'weight': 1}
@shamikaitc,@narbinpurnanb,{'weight': 1}
@shamikaitc,@nameisabhi,{'weight': 1}
@shamikaitc,@hanumavihari,{'weight': 1}
@cricketscenes,@jusclickme,{'weight': 1}
@cricketscenes,@sourabh_singha,{'weight': 1}
@cricketscenes,@shekharrr,{'weight': 1}
@cricketscenes,@manjulaKoo,{'weight': 1}
@cricketscenes,@DushyantWarhekar,{'weight': 1}
@cricketscenes,@indian_amitL3USG,{'weight': 1}
@cricketscenes,@shivu3722,{'weight': 1}
@cricketscenes,@R_a_y_s,{'weight': 1}
@cricketscenes,@raviKS4AV,{'weight': 1}
@WasimJaffer14,@SANAT_KUMAR_MAHAPATRA,{'weight': 1}
@WasimJaffer14,@ronak_patelLOJ08,{'weight': 1}
@WasimJaffer14,@SejalKothekar_,{'weight': 1}
@WasimJaffer14,@Piyoussh_Bisen,{'weight': 2}
@WasimJaffer14,@aayushgupta487,{'weight': 1}
@WasimJaffer14,@maj1503,{'weight': 1}
@WasimJaffer14,@bharatbhaskar,{'weight': 2}
@WasimJaffer14,@080413,{'weight': 1}
@WasimJaffer14,@ajay_kharb18,{'weight': 1}
@WasimJaffer14,@subrata_dey6U3QS,{'weight': 4}
@WasimJaffer14,@Echanti,{'weight': 2}
@WasimJaffer14,@tusharshere7,{'weight': 1}
@WasimJaffer14,@deshvanth_gowda,{'weight': 1}
@WasimJaffer14,@Rafaz,{'weight': 1}
@WasimJaffer14,@ramesh_59,{'weight': 1}
@WasimJaffer14,@arun_marwah,{'weight': 1}
@WasimJaffer14,@fvmanju_143,{'weight': 1}
@WasimJaffer14,@singh_92M,{'weight': 1}
@WasimJaffer14,@Galib_Ahmad,{'weight': 1}
@WasimJaffer14,@Mohabbat_KhanMBJO5,{'weight': 1}
@WasimJaffer14,@KRHMATH,{'weight': 1}
@WasimJaffer14,@pradeep4QRD0,{'weight': 1}
@WasimJaffer14,@amitkumar2514,{'weight': 1}
@WasimJaffer14,@ପୂର୍ଣ_ଚନ୍ଦ୍ର,{'weight': 1}
@WasimJaffer14,@Gaurav_Narayan_Tripathi,{'weight': 5}
@WasimJaffer14,@I_J_Sharma,{'weight': 1}
@WasimJaffer14,@Adarshdixit1,{'weight': 1}
@WasimJaffer14,@spreading_love,{'weight': 1}
@WasimJaffer14,@Tajinder.Rikhi,{'weight': 1}
@WasimJaffer14,@Aditya_modanwalM5RS3,{'weight': 1}
@WasimJaffer14,@Sahota_Anku,{'weight': 1}
@SANAT_KUMAR_MAHAPATRA,@sanjaymanjrekar,{'weight': 1}
@SANAT_KUMAR_MAHAPATRA,@wasimakramlive,{'weight': 1}
@dheerajtwry,@shekharrr,{'weight': 1}
@dheerajtwry,@murli_manohar_swami,{'weight': 3}
@Gaurav_Narayan_Tripathi,@AbhiKapshikar,{'weight': 1}
@Gaurav_Narayan_Tripathi,@GK75,{'weight': 1}
@Gaurav_Narayan_Tripathi,@aman_awasthi,{'weight': 1}
@Gaurav_Narayan_Tripathi,@prarabdh_Upadhyay,{'weight': 1}
@Gaurav_Narayan_Tripathi,@alter_ego,{'weight': 1}
@Gaurav_Narayan_Tripathi,@travelnindia,{'weight': 1}
@prathikLNEHM,@Vote4Sanatan,{'weight': 1}
@prathikLNEHM,@ShekharSri,{'weight': 1}
@prathikLNEHM,@Suraj03,{'weight': 1}
@diamondAOVOT,@diamondAOVOT,{'weight': 2}
@Pranshoo,@Pranshoo,{'weight': 1}
@Pranshoo,@cheteshwarpujara,{'weight': 1}
@hindushreya,@rohan11111,{'weight': 2}
@hindushreya,@raj.1972,{'weight': 1}
@hindushreya,@umeshtomarmp,{'weight': 4}
@hindushreya,@T6_Priya_Didi,{'weight': 6}
@hindushreya,@Pravin_Deore,{'weight': 3}
@hindushreya,@Kalpana.R.sharma,{'weight': 6}
@hindushreya,@apt2koo,{'weight': 1}
@pc_nina,@ambuj_mishra.modicaremishra,{'weight': 2}
@pc_nina,@बिलकुल_Sahi,{'weight': 2}
@pc_nina,@amitHLIEA,{'weight': 2}
@pc_nina,@HITESH_GAMER,{'weight': 1}
@pc_nina,@harish_arote,{'weight': 1}
@pc_nina,@rambabu_jaiswal,{'weight': 1}
@pc_nina,@subhashdhawan,{'weight': 1}
@pc_nina,@indukuri1988,{'weight': 1}
@pc_nina,@NIRANJAN_M._JOSHI,{'weight': 1}
@pc_nina,@Charan_RanaMKO1O,{'weight': 1}
@sportsclick7,@vishal_gupta25,{'weight': 1}
@sportsclick7,@deeptiM9VSR,{'weight': 1}
@sportsclick7,@shivu3722,{'weight': 1}
@sportsclick7,@Suraj03,{'weight': 1}
@shantaney,@ash_98,{'weight': 1}
@shantaney,@TrickorTreat,{'weight': 1}
@Srikanth2021,@Srikanth2021,{'weight': 1}
@Srikanth2021,@Dinesh_Pandey_Advocate,{'weight': 1}
@raj_pandey6PG46,@SwarajyaMag,{'weight': 1}
@raj_pandey6PG46,@randeep_sisodia,{'weight': 1}
@GK75,@krishanu_22,{'weight': 5}
@GK75,@subrata_dey6U3QS,{'weight': 2}
@GK75,@aks220,{'weight': 2}
@GK75,@arun_marwah,{'weight': 2}
@GK75,@kumar_rajuBN5UH,{'weight': 1}
@GK75,@seetharama_kotari,{'weight': 1}
@GK75,@Sumanbanerje,{'weight': 1}
@GK75,@sudhir5344,{'weight': 1}
@GK75,@saijithendra,{'weight': 1}
@GK75,@rahul_chauhanG7F3O,{'weight': 1}
@GK75,@rahulbej,{'weight': 1}
@GK75,@navaneeth_rayavarapu,{'weight': 1}
@GK75,@vinod_kaulM81R1,{'weight': 1}
@GK75,@sportingavilash,{'weight': 1}
@GK75,@infomx२०००,{'weight': 1}
@pbns_india,@sudip_bera,{'weight': 1}
@pbns_india,@RajniThakur881,{'weight': 1}
@pbns_india,@भावेश_बोहरा,{'weight': 1}
@ThalapathyForever,@cheteshwarpujara,{'weight': 1}
@sudip_bera,@laxman_kumarDBFEC,{'weight': 2}
@sudip_bera,@Mayur301,{'weight': 1}
@sanjaymanjrekar,@yagnik178,{'weight': 1}
@sanjaymanjrekar,@aroramanu,{'weight': 1}
@sanjaymanjrekar,@pradeep4O964,{'weight': 1}
@sanjaymanjrekar,@indrabhushan_84,{'weight': 1}
@sanjaymanjrekar,@KapilSiff,{'weight': 1}
@sanjaymanjrekar,@manoj_sepat,{'weight': 2}
@sanjaymanjrekar,@krishanu_22,{'weight': 1}
@sanjaymanjrekar,@sanjay_kumarM6GOO,{'weight': 1}
@sanjaymanjrekar,@navaneeth_rayavarapu,{'weight': 1}
@Ajaz_249,@kmrraghav,{'weight': 1}
@raghav_infotainment,@Vote4Sanatan,{'weight': 3}
@raghav_infotainment,@gappu628,{'weight': 1}
@Vote4Sanatan,@आकाश_सिंह07,{'weight': 1}
@Vote4Sanatan,@soumyadeep4V0UK,{'weight': 1}
@Vote4Sanatan,@naina550K0,{'weight': 1}
@kunaalRss,@kunaalRss,{'weight': 1}
@Indian4nf0o,@mistiPoiesis,{'weight': 1}
@Indian4nf0o,@nikhil_surana,{'weight': 1}
@Indian4nf0o,@stshkmr39,{'weight': 1}
@Indian4nf0o,@randeep_sisodia,{'weight': 1}
@Indian4nf0o,@Satrajit_Sengupta,{'weight': 1}
@kalahandia,@मधु_पुत्र_पाटील,{'weight': 1}
@kalahandia,@rahulqalabs,{'weight': 1}
@kalahandia,@BhaukaalHoonMain,{'weight': 1}
@alter_ego,@curdrice,{'weight': 1}
@alter_ego,@ravi_shetty5COMR,{'weight': 1}
@alter_ego,@ssankesara,{'weight': 1}
@alter_ego,@kirito,{'weight': 1}
@alter_ego,@krishna70IUH,{'weight': 1}
@alter_ego,@Deep_9CL,{'weight': 1}
@alter_ego,@KRHMATH,{'weight': 1}
@alter_ego,@BharatiyaHWWR,{'weight': 1}
@alter_ego,@the_october_guy,{'weight': 2}
@alter_ego,@jusclickme,{'weight': 1}
@alter_ego,@mansi_saxena,{'weight': 1}
@alter_ego,@n._periasamy,{'weight': 1}
@alter_ego,@gopalakrishnanjufb,{'weight': 1}
@akshar,@Hitman_45,{'weight': 1}
@bharatbhaskar,@wasimakramlive,{'weight': 1}
@bharatbhaskar,@mdshami11,{'weight': 1}
@bharatbhaskar,@cheteshwarpujara,{'weight': 1}
@qralink,@sahusuraj,{'weight': 1}
@microjesh,@seetharama_kotari,{'weight': 1}
@microjesh,@ravi_shetty5COMR,{'weight': 1}
@microjesh,@Echanti,{'weight': 1}
@microjesh,@SatishRakhwal7574,{'weight': 1}
@maniahMEMV0,@dipali1980,{'weight': 1}
@boney_bajwa,@JAtinDSGW,{'weight': 1}
@boney_bajwa,@CricTracker,{'weight': 1}
@boney_bajwa,@Krishnan_252,{'weight': 1}
@Divya_bhatia07,@injamamul_haqueJUHN3,{'weight': 1}
@Divya_bhatia07,@indirar,{'weight': 1}
@Divya_bhatia07,@jusclickme,{'weight': 1}
@Divya_bhatia07,@mrkotians,{'weight': 1}
@Divya_bhatia07,@Shobhraj_Yadav,{'weight': 1}
@Divya_bhatia07,@KanishakBM1C8,{'weight': 1}
@SamarthChauhan,@wasimakramlive,{'weight': 4}
@SamarthChauhan,@SuhailChandhok,{'weight': 5}
@SamarthChauhan,@cheteshwarpujara,{'weight': 4}
@SamarthChauhan,@shams_koo,{'weight': 1}
@AnkurMishra1998,@beena4NF93,{'weight': 1}
@AnkurMishra1998,@ashok_kumar6F11T,{'weight': 1}
@satyanewshi,@prashantpp,{'weight': 1}
@satyanewshi,@Kannan88810,{'weight': 2}
@satyanewshi,@narendra52,{'weight': 2}
@satyanewshi,@amitpopat09,{'weight': 1}
@satyanewshi,@revolt4cause,{'weight': 2}
@satyanewshi,@shekharrr,{'weight': 1}
@satyanewshi,@ArshaBharatha,{'weight': 2}
@satyanewshi,@fvmanju_143,{'weight': 1}
@satyanewshi,@guest_4MDTT,{'weight': 1}
@satyanewshi,@divakar_kotian,{'weight': 1}
@satyanewshi,@mrkotians,{'weight': 1}
@satyanewshi,@Cuper,{'weight': 1}
@prashantpp,@Mayur301,{'weight': 1}
@shekharrr,@Cricketnmore,{'weight': 1}
@shekharrr,@drbkkundu,{'weight': 1}
@shekharrr,@mohdsakilkhan1,{'weight': 1}
@shekharrr,@stshkmr39,{'weight': 2}
@shekharrr,@abhi_yadav0030,{'weight': 1}
@shekharrr,@Vikram_Lambah,{'weight': 1}
@shekharrr,@cricketaakash,{'weight': 1}
@shekharrr,@renash,{'weight': 1}
@techromm,@ra_mo,{'weight': 1}
@Cricket_Fanatic,@Cricket_Fanatic,{'weight': 1}
@curiouscaseofmrsaurabhsinha,@KRHMATH,{'weight': 1}
@Visu_89,@cheteshwarpujara,{'weight': 1}
@Visu_89,@sakariya.chetan,{'weight': 1}
@hanumavihari,@manoj_sepat,{'weight': 3}
@hanumavihari,@mani_kumarKQUTT,{'weight': 1}
@hanumavihari,@saikrishna_sandiri,{'weight': 3}
@hanumavihari,@Shiv2829,{'weight': 3}
@hanumavihari,@muna04407s,{'weight': 1}
@hanumavihari,@yadavMKMA2,{'weight': 1}
@hanumavihari,@subrata_dey6U3QS,{'weight': 1}
@hanumavihari,@भावेश_बोहरा,{'weight': 1}
@hanumavihari,@karthik_sahu,{'weight': 1}
@hanumavihari,@hanumavihari,{'weight': 1}
@hanumavihari,@mahaveer_dhoka,{'weight': 1}
@hanumavihari,@Sanjjeevk,{'weight': 1}
@hanumavihari,@pradeep4O964,{'weight': 1}
@hanumavihari,@sandilya03,{'weight': 1}
@hanumavihari,@KapilSiff,{'weight': 1}
@Cricketnmore,@Suchitra_Shenoi.,{'weight': 4}
@Cricketnmore,@D.C_Gupta,{'weight': 1}
@Cricketnmore,@SKDAS81,{'weight': 1}
@Cricketnmore,@rishal08,{'weight': 1}
@Cricketnmore,@anilsathe4253,{'weight': 1}
@Cricketnmore,@RanaBhaiya,{'weight': 1}
@Urvashi.choudharyy1,@pradeep4O964,{'weight': 3}
@Urvashi.choudharyy1,@manoj_kumarI91M2,{'weight': 2}
@Urvashi.choudharyy1,@Mintu_Roy,{'weight': 1}
@Urvashi.choudharyy1,@Deepak_Bodana5UM9T,{'weight': 1}
@Urvashi.choudharyy1,@Soham_64O,{'weight': 1}
@Urvashi.choudharyy1,@Dimri1969,{'weight': 1}
@Urvashi.choudharyy1,@sanjaygobind,{'weight': 1}
@Urvashi.choudharyy1,@Gugni,{'weight': 1}
@Urvashi.choudharyy1,@atulCVEC6,{'weight': 1}
@Urvashi.choudharyy1,@srinivasI2O29,{'weight': 1}
@Urvashi.choudharyy1,@Shiv2829,{'weight': 1}
@Urvashi.choudharyy1,@deepak_bhagatMPOC8,{'weight': 1}
@Urvashi.choudharyy1,@sonu_yadavMQSUS,{'weight': 1}
@pradeep4O964,@mayantilangerbinny,{'weight': 1}
@pradeep4O964,@mdshami11,{'weight': 1}
@pradeep4O964,@Ridhima_Pathak,{'weight': 1}
@nikkhilchopraa,@krishanu_22,{'weight': 1}
@nikkhilchopraa,@rahulbej,{'weight': 1}
@nikkhilchopraa,@antriksh_j,{'weight': 1}
@iamsidkaul,@krishanu_22,{'weight': 1}
@Sanjjeevk,@azharflicks,{'weight': 1}
@spotnews18,@dharmendra_1000,{'weight': 1}
@subrata_dey6U3QS,@wasimakramlive,{'weight': 2}
@subrata_dey6U3QS,@cheteshwarpujara,{'weight': 2}
@subrata_dey6U3QS,@wvraman,{'weight': 1}
@subrata_dey6U3QS,@mayantilangerbinny,{'weight': 1}
@subrata_dey6U3QS,@mdshami11,{'weight': 1}
@subrata_dey6U3QS,@azharflicks,{'weight': 3}
@subrata_dey6U3QS,@vinodkambli,{'weight': 1}
@TechnoAniket,@Jishnu_Chatterjee,{'weight': 1}
@zerotalentsoul,@الهندية,{'weight': 1}
@wasimakramlive,@thakurshivam294,{'weight': 1}
@wasimakramlive,@Sanatani108,{'weight': 1}
@wasimakramlive,@Shiv2829,{'weight': 4}
@wasimakramlive,@namanD0EL1,{'weight': 2}
@wasimakramlive,@helloMLP5G,{'weight': 1}
@wasimakramlive,@anilkumar_dhayal,{'weight': 2}
@wasimakramlive,@singhcp007,{'weight': 1}
@wasimakramlive,@Ankit_Dhar,{'weight': 1}
@wasimakramlive,@vishnuMDHGM,{'weight': 1}
@wasimakramlive,@Diptangshu,{'weight': 1}
@wasimakramlive,@Dr_Harish_Tiwari,{'weight': 1}
@wasimakramlive,@Mohan_SherpaGA12C,{'weight': 1}
@thakurshivam294,@mayantilangerbinny,{'weight': 1}
@thakurshivam294,@mdshami11,{'weight': 1}
@Shiv2829,@cheteshwarpujara,{'weight': 2}
@Shiv2829,@mdshami11,{'weight': 1}
@Shiv2829,@mayantilangerbinny,{'weight': 1}
@Shiv2829,@sakariya.chetan,{'weight': 1}
@Shiv2829,@azharflicks,{'weight': 5}
@dasabhijit2004,@sagar92sharma,{'weight': 2}
@SuhailChandhok,@dr_amaresh_chandra_pandey,{'weight': 1}
@SuhailChandhok,@krishanu_22,{'weight': 1}
@saikrishna_sandiri,@wriddhi,{'weight': 1}
@cheteshwarpujara,@abhaychoubey,{'weight': 1}
@cheteshwarpujara,@mayank.kumar_official,{'weight': 1}
@cheteshwarpujara,@Smit_S,{'weight': 1}
@cheteshwarpujara,@aiswaryyaghosh,{'weight': 1}
@cheteshwarpujara,@yuva03,{'weight': 1}
@cheteshwarpujara,@GRSN,{'weight': 1}
@cheteshwarpujara,@rosh_singh98,{'weight': 2}
@cheteshwarpujara,@santhosh1978,{'weight': 1}
@cheteshwarpujara,@pentam_.s.r.,{'weight': 1}
@cheteshwarpujara,@bpsingh_dehradun,{'weight': 1}
@cheteshwarpujara,@ravi_srivastava65,{'weight': 1}
@cheteshwarpujara,@indrabhushan_84,{'weight': 2}
@cheteshwarpujara,@Ramananda_SahuLQTFI,{'weight': 1}
@cheteshwarpujara,@Tanish_Trisal,{'weight': 1}
@cheteshwarpujara,@yuvrajsingh07,{'weight': 1}
@cheteshwarpujara,@jainLV6TD,{'weight': 1}
@cheteshwarpujara,@iamwagh,{'weight': 1}
@cheteshwarpujara,@shivam7084,{'weight': 1}
@cheteshwarpujara,@akshay_37_,{'weight': 1}
@cheteshwarpujara,@KooKooHPLX,{'weight': 1}
@cheteshwarpujara,@Eshwarthakre,{'weight': 1}
@cheteshwarpujara,@prtptl,{'weight': 1}
@cheteshwarpujara,@KRHMATH,{'weight': 1}
@cheteshwarpujara,@shubhasriv,{'weight': 1}
@cheteshwarpujara,@pradeep4QRD0,{'weight': 1}
@cheteshwarpujara,@rithikchouhan,{'weight': 1}
@cheteshwarpujara,@queenballe291gmail.com,{'weight': 1}
@cheteshwarpujara,@Maverick_4317,{'weight': 1}
@Smit_S,@wvraman,{'weight': 1}
@jaskaran0056,@Sankalp_Varshneya,{'weight': 1}
@jaskaran0056,@rahulbej,{'weight': 1}
@jaskaran0056,@journo__subhayan,{'weight': 1}
@jaskaran0056,@koobanglasports,{'weight': 1}
@KRHMATH,@आकाश_सिंह07,{'weight': 1}
@KRHMATH,@kan_261,{'weight': 2}
@KRHMATH,@subhashpathak,{'weight': 1}
@KRHMATH,@randeep_sisodia,{'weight': 1}
@KRHMATH,@satheeshjaihind,{'weight': 1}
@KRHMATH,@Dinesh_dino,{'weight': 1}
@KRHMATH,@sakariya.chetan,{'weight': 1}
@KRHMATH,@ndhiraj,{'weight': 3}
@KRHMATH,@sachinsuperfan,{'weight': 2}
@KRHMATH,@drpavansonarmumbai,{'weight': 1}
@KRHMATH,@G.S.KRISHNA,{'weight': 1}
@KRHMATH,@AsianetNewsable,{'weight': 1}
@KRHMATH,@Tanmaya_Das,{'weight': 1}
@navneet0607,@mdshami11,{'weight': 1}
@sandipsarkar_1610,@We_Rock,{'weight': 1}
@wvraman,@kumar_gopal,{'weight': 1}
@wvraman,@krishanu_22,{'weight': 1}
@krishanu_22,@mayantilangerbinny,{'weight': 1}
@krishanu_22,@azharflicks,{'weight': 2}
@krishanu_22,@vinodkambli,{'weight': 1}
@azharflicks,@senstube,{'weight': 1}
@azharflicks,@Rinco_Singh_Canada_USUM,{'weight': 1}
@azharflicks,@yuvrajsingh07,{'weight': 1}
@azharflicks,@amanroy.23,{'weight': 1}
@azharflicks,@azharuddinAxom,{'weight': 1}
@azharflicks,@Mohammed_Abid,{'weight': 1}
@azharflicks,@mubeen_khanMIA46,{'weight': 1}
@azharflicks,@kumar_rajuBN5UH,{'weight': 2}
@azharflicks,@sudhir5344,{'weight': 1}
@azharflicks,@hare_krishnaE8NTF,{'weight': 1}
@azharflicks,@rahulbej,{'weight': 1}
@azharflicks,@nitishP8T0,{'weight': 1}
@azharflicks,@shivbhakt6011,{'weight': 2}
@azharflicks,@DarkTruth,{'weight': 1}
@azharflicks,@mohammad_azharuddinMGQ3U,{'weight': 1}
@azharflicks,@karthik_sahu,{'weight': 1}
@azharflicks,@papszone,{'weight': 1}
@azharflicks,@navaneeth_rayavarapu,{'weight': 1}
@CricketIndiaShow,@Li_Qsxrmw,{'weight': 1}
@myvantagepoint,@actressworld,{'weight': 1}
@mayantilangerbinny,@ravi_singhUF01,{'weight': 1}
@mayantilangerbinny,@wolverineheals,{'weight': 1}
@mayantilangerbinny,@kalyanshettar,{'weight': 1}
@mayantilangerbinny,@Dimri1969,{'weight': 1}
@mayantilangerbinny,@upadhyay_shivam,{'weight': 1}
@mayantilangerbinny,@Sudhansu_DasDEQ7H,{'weight': 1}
@mayantilangerbinny,@singh_92M,{'weight': 1}
@mayantilangerbinny,@Musef_Shaikh,{'weight': 1}
@mayantilangerbinny,@babupawarLUQFF,{'weight': 1}
@mayantilangerbinny,@Vivek_1437137,{'weight': 1}
@mayantilangerbinny,@Abhisar_Gupta,{'weight': 1}
@mayantilangerbinny,@jeet432,{'weight': 1}
@mayantilangerbinny,@avinashpandit,{'weight': 1}
@mayantilangerbinny,@pradeep4QRD0,{'weight': 1}
@mayantilangerbinny,@aks220,{'weight': 1}
@mayantilangerbinny,@Baba_Namo,{'weight': 1}
@mayantilangerbinny,@sanjeevhooda3,{'weight': 1}
@kalyanshettar,@vinish_ind,{'weight': 1}
@kalyanshettar,@pradeepbhandari,{'weight': 1}
@kalyanshettar,@Mayur301,{'weight': 1}
@Sudhansu_DasDEQ7H,@kan_261,{'weight': 1}
@singh_92M,@mdshami11,{'weight': 1}
@Musef_Shaikh,@jasuja,{'weight': 1}
@SPORTY_JEET,@the_mpr,{'weight': 1}
@Subbiah_S,@Subbiah_S,{'weight': 1}
@vjitu24,@manoj_kumarJ3FJ6,{'weight': 1}
@vjitu24,@sanjitha_vijaykumar,{'weight': 1}
@vjitu24,@nitin05gupta,{'weight': 1}
@thelosthindu,@SANTOSH_Santosh_29,{'weight': 1}
@Furkan_Amreliya,@divakar_kotian,{'weight': 1}
@Furkan_Amreliya,@sunielC2DQQ,{'weight': 1}
@Furkan_Amreliya,@bharuK3V2F,{'weight': 1}
@Er_surajbiroriya,@பத்திரிநாராயணன்,{'weight': 1}
@Er_surajbiroriya,@bharuK3V2F,{'weight': 1}
@galibMPD4P,@somukuiry,{'weight': 1}
@galibMPD4P,@galibMPD4P,{'weight': 1}
@galibMPD4P,@jituMPQ1E,{'weight': 1}
@__aman_______,@kapilkumar_11111,{'weight': 1}
@tanvee,@rajput.v,{'weight': 1}
@tanvee,@NK786,{'weight': 2}
@tanvee,@shas4JPE8,{'weight': 1}
@arunknairr,@rajesh_singh11,{'weight': 1}
@arunknairr,@saurav_sanyal,{'weight': 1}
@Cricketwebs,@सुमन_कुमार_साहू,{'weight': 1}
@prasad_dk,@Konikaa,{'weight': 1}
@gappu628,@pradeepbhandari,{'weight': 1}
@Sarcastic_Foodie,@raviKS4AV,{'weight': 1}
@Sarcastic_Foodie,@ಕೇಶವಮೂರ್ತಿK8BA,{'weight': 1}
@raviKS4AV,@shashankawasthi,{'weight': 1}
@raviKS4AV,@Chouhanjenish,{'weight': 1}
@raviKS4AV,@laxman_kumarDBFEC,{'weight': 1}
@Antsun,@k_p_tiwari4MQL7,{'weight': 1}
@Antsun,@_dharma,{'weight': 1}
@shivam7084,@sangdam.T,{'weight': 1}
@shivam7084,@dharmendra_1000,{'weight': 1}
@cidhoo_kottukathira,@PammalGuru,{'weight': 1}
@rohit.gautam_18,@rohit.gautam_18,{'weight': 1}
@DS_PREM,@ajay_rana0,{'weight': 1}
@naveed_jk,@பத்திரிநாராயணன்,{'weight': 1}
@the_mpr,@Navin_Prakash_Singh,{'weight': 1}
@nida968B9,@Ritikchandel,{'weight': 1}
@Raam_3471,@Raam_3471,{'weight': 1}
@Raam_3471,@ishaan_2711,{'weight': 1}
@Raam_3471,@Raghavendra2342,{'weight': 1}
@umeshtomarmp,@ranbirbhartiya,{'weight': 1}
@umeshtomarmp,@foodholicakki,{'weight': 1}
@umeshtomarmp,@kumarsatyam05,{'weight': 1}
@umeshtomarmp,@Raashi,{'weight': 1}
@umeshtomarmp,@iampream,{'weight': 1}
@tallboykarthik,@republic,{'weight': 1}
@SushantNMehta,@jusclickme,{'weight': 1}
@SushantNMehta,@sharvadesign,{'weight': 1}
@SushantNMehta,@SupreethGP,{'weight': 1}
@dh2078,@praveen4,{'weight': 1}
@dh2078,@amitjuyal,{'weight': 1}
@Advocatepspatel,@bharat_shah,{'weight': 1}
@Advocatepspatel,@DushyantWarhekar,{'weight': 1}
@Advocatepspatel,@cricketLR8DD,{'weight': 1}
@ZeeNews_English,@madan_mohan_chanyal0,{'weight': 1}
@ZeeNews_English,@abgupta1508,{'weight': 1}
@avinash_kumarM3L0M,@sagar92sharma,{'weight': 2}
@avinash_kumarM3L0M,@الهندية,{'weight': 1}
@avinash_kumarM3L0M,@rohtash_singh7C33R,{'weight': 1}
@neharohilla,@dinesh5DE03,{'weight': 1}
@humaneleadership,@humaneleadership,{'weight': 4}
@humaneleadership,@mohan_raj15,{'weight': 1}
@humaneleadership,@Chitroda,{'weight': 1}
@laxman_kumarDBFEC,@B_T_Sambyal,{'weight': 1}
@laxman_kumarDBFEC,@ArulmuruganCSSVQ,{'weight': 1}
@laxman_kumarDBFEC,@laxman_kumarDBFEC,{'weight': 8}
@laxman_kumarDBFEC,@fauji_bhai,{'weight': 1}
@laxman_kumarDBFEC,@manjulaKoo,{'weight': 1}
@laxman_kumarDBFEC,@karkotaka,{'weight': 3}
@laxman_kumarDBFEC,@IAm007,{'weight': 1}
@laxman_kumarDBFEC,@DrMeet,{'weight': 1}
@laxman_kumarDBFEC,@DushyantWarhekar,{'weight': 1}
@B_T_Sambyal,@pradeepbhandari,{'weight': 1}
@आकाश_सिंह07,@indrabhushan_84,{'weight': 1}
@आकाश_सिंह07,@rambabu_jaiswal,{'weight': 2}
@आकाश_सिंह07,@marsBD11H,{'weight': 1}
@indrabhushan_84,@editorji,{'weight': 1}
@anil_gowda_0007,@Diptangshu,{'weight': 1}
@Diptangshu,@DevabrathSharma,{'weight': 1}
@rambabu_jaiswal,@vinish_ind,{'weight': 1}
@rambabu_jaiswal,@pradeepbhandari,{'weight': 1}
@rambabu_jaiswal,@kan_261,{'weight': 2}
@rambabu_jaiswal,@gangwal_dushyant,{'weight': 1}
@DushyantWarhekar,@mohit4OJRI,{'weight': 1}
@DushyantWarhekar,@kan_261,{'weight': 1}
@DushyantWarhekar,@pradeepbhandari,{'weight': 1}
@DushyantWarhekar,@dev65,{'weight': 3}
@DushyantWarhekar,@Mayur301,{'weight': 1}
@Dhoni458,@yadav9433,{'weight': 1}
@kan_261,@himanshu_sharma4RACB,{'weight': 1}
@kan_261,@singhcp007,{'weight': 2}
@kan_261,@swabhimaan_bharat,{'weight': 1}
@kan_261,@pradeep4QRD0,{'weight': 2}
@kan_261,@Ch_Saab,{'weight': 1}
@kan_261,@भावेश_बोहरा,{'weight': 2}
@kan_261,@no_one1,{'weight': 1}
@kan_261,@SunnyYDPB,{'weight': 1}
@kan_261,@kumar_rajuBN5UH,{'weight': 2}
@kan_261,@namanD0EL1,{'weight': 1}
@kan_261,@Minhaz_7JQ,{'weight': 1}
@kan_261,@cabhijeeth,{'weight': 1}
@kan_261,@harbhim,{'weight': 1}
@kan_261,@Narasimha_Bhimisetty,{'weight': 1}
@kan_261,@niteshsingh976J4,{'weight': 1}
@kan_261,@dharm0005,{'weight': 1}
@kan_261,@gauravpal,{'weight': 1}
@kan_261,@Chandra_bhs,{'weight': 1}
@mdshami11,@sudarshan,{'weight': 1}
@mdshami11,@siddharth_dhar,{'weight': 1}
@mdshami11,@pravinpandey,{'weight': 1}
@mdshami11,@bose99,{'weight': 1}
@mdshami11,@pradeep4QRD0,{'weight': 1}
@mdshami11,@rahulchauhan,{'weight': 1}
@mdshami11,@briju_1995pkd,{'weight': 1}
@mdshami11,@sirajayji,{'weight': 1}
@mdshami11,@sharma_sharma24,{'weight': 1}
@mdshami11,@guest_89263,{'weight': 1}
@mdshami11,@R_a_y_s,{'weight': 1}
@mdshami11,@rahulchug,{'weight': 1}
@mdshami11,@shivendra_indian,{'weight': 1}
@siddharth_dhar,@Snewsindia,{'weight': 1}
@siddharth_dhar,@Kingkohli.fan,{'weight': 1}
@pradeep4QRD0,@pradeepbhandari,{'weight': 1}
@pradeep4QRD0,@cricketaakash,{'weight': 1}
@Pothal,@kiranavt,{'weight': 1}
@anushkaMI9I2,@indirar,{'weight': 3}
@zoy007,@zoy007,{'weight': 7}
@zoy007,@jagan778,{'weight': 1}
@zoy007,@aman.007,{'weight': 1}
@zoy007,@JatinNair,{'weight': 1}
@zoy007,@hindustniMJ831,{'weight': 1}
@zoy007,@कौशिकशिल,{'weight': 1}
@zoy007,@Cuper,{'weight': 2}
@zoy007,@naanu_meetyourself,{'weight': 1}
@Tarun_Pathak4312,@abhijit_01,{'weight': 1}
@drbkkundu,@raj_kumar4IU48,{'weight': 1}
@drbkkundu,@jayantaL0TOF,{'weight': 3}
@drbkkundu,@EngConsultant,{'weight': 1}
@raj_kumar4IU48,@keshav_delhi,{'weight': 1}
@raj_kumar4IU48,@renash,{'weight': 1}
@jayantaL0TOF,@Pacheriya,{'weight': 1}
@jayantaL0TOF,@nikhil_surana,{'weight': 1}
@jayantaL0TOF,@pradeepbhandari,{'weight': 1}
@jayantaL0TOF,@stshkmr39,{'weight': 1}
@jayantaL0TOF,@randeep_sisodia,{'weight': 1}
@vinodkambli,@premMHLNO,{'weight': 1}
@vinodkambli,@mahaveer_dhoka,{'weight': 1}
@SoumyaDarshanPradhan,@SoumyaDarshanPradhan,{'weight': 2}
@SoumyaDarshanPradhan,@मधु_पुत्र_पाटील,{'weight': 1}
@मधु_पुत्र_पाटील,@Mayur301,{'weight': 1}
@ravirajhosur,@raj69,{'weight': 4}
@sportingavilash,@simplybhat,{'weight': 1}
@saurabhbandari,@H_S_Sateesh_Kumar,{'weight': 1}
@vinish_ind,@shree24,{'weight': 3}
@vinish_ind,@Anup_Nair,{'weight': 1}
@vinish_ind,@Animesh_22,{'weight': 1}
@vinish_ind,@kirito,{'weight': 1}
@vinish_ind,@indirar,{'weight': 1}
@vinish_ind,@khullamkhulla,{'weight': 1}
@vinish_ind,@deshvanth_gowda,{'weight': 1}
@vinish_ind,@realsources,{'weight': 1}
@vinish_ind,@guest_4T4KL,{'weight': 1}
@vinish_ind,@jyoti_praksh,{'weight': 1}
@vinish_ind,@rishibgp76,{'weight': 1}
@vinish_ind,@LSM02,{'weight': 1}
@vinish_ind,@sandeep6MICD,{'weight': 1}
@vinish_ind,@geocivictechie,{'weight': 1}
@vinish_ind,@Ashim_Rabha,{'weight': 1}
@vinish_ind,@RockShailu,{'weight': 1}
@vinish_ind,@Harsh_PalJS47E,{'weight': 1}
@vinish_ind,@aaj139,{'weight': 1}
@vinish_ind,@deeptiM9VSR,{'weight': 1}
@shree24,@DevabrathSharma,{'weight': 1}
@shree24,@हिन्दू_राष्ट्र6S5EU,{'weight': 1}
@shree24,@SanaatanBharat,{'weight': 1}
@Animesh_22,@PammalGuru,{'weight': 1}
@anshuAC7D4,@rudraalok,{'weight': 1}
@rishabhg12,@seetharama_kotari,{'weight': 1}
@பத்திரிநாராயணன்,@marine_equipments_chennai,{'weight': 1}
@பத்திரிநாராயணன்,@aman_awasthi,{'weight': 1}
@divakar_kotian,@yogesh_sharma4LD7D,{'weight': 1}
@divakar_kotian,@dograjournalist,{'weight': 1}
@guest_MH3VP,@guest_MH3VP,{'weight': 1}
@guest_MH3VP,@CricketArsh,{'weight': 1}
@imsayan,@MunnaGossip,{'weight': 1}
@timesofindia,@misalraj,{'weight': 1}
@timesofindia,@Mr_Cr00dz,{'weight': 1}
@timesofindia,@patanjalijha11,{'weight': 1}
@vishwanathpd,@indirar,{'weight': 1}
@indirar,@pratap_singhMJUBB,{'weight': 1}
@indirar,@BY4093,{'weight': 1}
@indirar,@abhijit_01,{'weight': 1}
@indirar,@arunpandey,{'weight': 1}
@indirar,@dev_singh_rajputM4JKF,{'weight': 1}
@indirar,@vinay_287,{'weight': 1}
@indirar,@fauji_bhai,{'weight': 1}
@indirar,@Mayur301,{'weight': 2}
@indirar,@Dr_Harish_Tiwari,{'weight': 1}
@marine_equipments_chennai,@India_FollowBackTeam,{'weight': 1}
@editorji,@भावेश_बोहरा,{'weight': 1}
@bapna_d,@akshay_2997,{'weight': 1}
@mistiPoiesis,@hindustniMJ831,{'weight': 1}
@stshkmr39,@jusclickme,{'weight': 1}
@stshkmr39,@libral_hunter,{'weight': 1}
@stshkmr39,@BhaukaalHoonMain,{'weight': 1}
@stshkmr39,@hindustniMJ831,{'weight': 3}
@stshkmr39,@सोनू_भैया,{'weight': 1}
@stshkmr39,@kirito,{'weight': 1}
@stshkmr39,@BharatiyaHWWR,{'weight': 1}
@stshkmr39,@himanshu_29,{'weight': 1}
@stshkmr39,@saxenaanilkumar,{'weight': 1}
@jusclickme,@shashankawasthi,{'weight': 1}
@jusclickme,@Vikram_Lambah,{'weight': 1}
@jusclickme,@sachinsuperfan,{'weight': 1}
@BhaukaalHoonMain,@suhasdutta,{'weight': 1}
@BhaukaalHoonMain,@Mayur301,{'weight': 1}
@nr_raaz,@Hitman_45,{'weight': 1}
@nr_raaz,@nr_raaz,{'weight': 1}
@crazycricketmeme,@IndianDNA,{'weight': 1}
@crazycricketmeme,@Shreya_gupta25,{'weight': 1}
@crazycricketmeme,@कौशिकशिल,{'weight': 1}
@crazycricketmeme,@Sidhu4280,{'weight': 1}
@crazycricketmeme,@halfbloodprince_07,{'weight': 1}
@IndianDNA,@yogesh_sharma4LD7D,{'weight': 1}
@aman_awasthi,@982896e890,{'weight': 1}
@aman_awasthi,@sagar92sharma,{'weight': 1}
@ipankajsharma,@ssankesara,{'weight': 1}
@ipankajsharma,@Chitroda,{'weight': 1}
@ipankajsharma,@ADITHYA_MANOHAR_RAVI,{'weight': 1}
@ssankesara,@shekharvijayan,{'weight': 1}
@shekharvijayan,@n._periasamy,{'weight': 1}
@n._periasamy,@exploring_self,{'weight': 1}
@yogendraupadhyay,@_AkshaySingh,{'weight': 1}
@yogendraupadhyay,@chowkidaargirishvsingla,{'weight': 1}
@nitish_ashutosh,@ashok_kumar6F11T,{'weight': 1}
@seetharama_kotari,@prarabdh_Upadhyay,{'weight': 1}
@seetharama_kotari,@ajay_rana0,{'weight': 1}
@seetharama_kotari,@Sachin_Dave,{'weight': 1}
@seetharama_kotari,@narbinpurnanb,{'weight': 1}
@seetharama_kotari,@gangwal_dushyant,{'weight': 1}
@seetharama_kotari,@Mayur301,{'weight': 1}
@seetharama_kotari,@Snewsindia,{'weight': 1}
@BholanathDutta,@BholanathDutta,{'weight': 1}
@BholanathDutta,@shivajich,{'weight': 1}
@PammalGuru,@ajay_rana0,{'weight': 1}
@PammalGuru,@randeep_sisodia,{'weight': 2}
@praveenkumarofficial,@cricket_duniya,{'weight': 1}
@exploring_self,@sanatanroots76MJH,{'weight': 1}
@exploring_self,@B_L_Choudhary,{'weight': 1}
@exploring_self,@exploring_self,{'weight': 2}
@exploring_self,@ajay_kumar_rathi,{'weight': 1}
@shri_shashank,@rajgauravD,{'weight': 1}
@narbinpurnanb,@gopalakrishnanjufb,{'weight': 1}
@narbinpurnanb,@VOTE,{'weight': 1}
@narbinpurnanb,@संजयपाठक,{'weight': 1}
@narbinpurnanb,@acuto,{'weight': 1}
@narbinpurnanb,@सनातनधर्मकीजयहो।,{'weight': 1}
@narbinpurnanb,@DARS_Arya,{'weight': 1}
@g.gurjar,@sagar92sharma,{'weight': 1}
@sagar92sharma,@Sanchit_Khawad,{'weight': 1}
@sagar92sharma,@Mitesh3315,{'weight': 1}
@sagar92sharma,@_thinker,{'weight': 1}
@sagar92sharma,@dev65,{'weight': 1}
@sagar92sharma,@ameypethkar9,{'weight': 2}
@sagar92sharma,@iampream,{'weight': 1}
@sagar92sharma,@ecwjeet,{'weight': 1}
@sagar92sharma,@careless9,{'weight': 1}
@sagar92sharma,@lonemonk,{'weight': 1}
@sagar92sharma,@aniruth.vs,{'weight': 8}
@sagar92sharma,@G.S.KRISHNA,{'weight': 1}
@sagar92sharma,@krishna_bansal,{'weight': 1}
@sagar92sharma,@fanof07,{'weight': 2}
@raazMKH13,@divyanshjain,{'weight': 1}
@shashankawasthi,@shashankawasthi,{'weight': 2}
@DevabrathSharma,@pappu_kumar_yadav48JU3,{'weight': 1}
@DevabrathSharma,@Logically_spiritual,{'weight': 1}
@DevabrathSharma,@अनिल_कुमार145,{'weight': 1}
@अनिल_कुमार145,@merijaanindia,{'weight': 1}
@Chouhanjenish,@alpha01,{'weight': 1}
@Chouhanjenish,@atarhar,{'weight': 1}
@Chouhanjenish,@deshvanth_gowda,{'weight': 1}
@Chouhanjenish,@surajguleria,{'weight': 1}
@kmrraghav,@kmrraghav,{'weight': 1}
@aks220,@pradeepbhandari,{'weight': 1}
@arunpandey,@rudra_raj_ravi,{'weight': 1}
@arunpandey,@deshvanth_gowda,{'weight': 1}
@arunpandey,@shivu3722,{'weight': 1}
@Vikram_Lambah,@hindustniMJ831,{'weight': 2}
@motivatorDasaikumar,@ramesh_59,{'weight': 1}
@ramesh_59,@sparsh_vyas21,{'weight': 1}
@dharmendra_1000,@shahid_khanMKCR7,{'weight': 1}
@ravi_shetty5COMR,@pradeepbhandari,{'weight': 1}
@yogesh_sharma4LD7D,@mansi_saxena,{'weight': 1}
@yogesh_sharma4LD7D,@_अखंड_भारत_,{'weight': 1}
@yogesh_sharma4LD7D,@guest_4MDTT,{'weight': 1}
@yogesh_sharma4LD7D,@rakeshjrsu,{'weight': 1}
@yogesh_sharma4LD7D,@ranjeet_kumar58B0V,{'weight': 1}
@yogesh_sharma4LD7D,@अशोकहरितवाल,{'weight': 1}
@yogesh_sharma4LD7D,@MUKUND_KAUSHIK,{'weight': 1}
@guest_4MDTT,@Vijayan_Gupta,{'weight': 1}
@guest_4MDTT,@republic,{'weight': 2}
@sanjay__k,@deshvanth_gowda,{'weight': 1}
@deshvanth_gowda,@maithili99,{'weight': 1}
@maithili99,@satender_singhAR576,{'weight': 1}
@newindiatimes,@newindiatimes,{'weight': 1}
@Orwellian,@imforbharat59UB5,{'weight': 1}
@Orwellian,@tomar8GU8M,{'weight': 1}
@mrkotians,@randeep_sisodia,{'weight': 1}
@sanjay_kumarMI9V8,@r._p.4VOGS,{'weight': 1}
@Mayur301,@the_soldier,{'weight': 1}
@Mayur301,@kiran17,{'weight': 1}
@Mayur301,@JatinNair,{'weight': 1}
@Mayur301,@peekay,{'weight': 1}
@Mayur301,@anilsathe4253,{'weight': 1}
@Mayur301,@airara_suri,{'weight': 1}
@Mayur301,@24awasthi,{'weight': 1}
@Mayur301,@Mungekar_S,{'weight': 1}
@Mayur301,@Sitansu,{'weight': 1}
@Mayur301,@iampkchaurasiya,{'weight': 1}
@Mayur301,@CSSG,{'weight': 1}
@Mayur301,@sanjay_tiwariC2S0N,{'weight': 1}
@Mayur301,@pagalILS9M,{'weight': 1}
@ankidoc,@randeep_sisodia,{'weight': 1}
@abhi_yadav0030,@jagga_jaggaq,{'weight': 1}
@jagga_jaggaq,@Just_human_01,{'weight': 1}
@jagga_jaggaq,@theOneandOnly,{'weight': 1}
@jagga_jaggaq,@Mitesh3315,{'weight': 1}
@Just_human_01,@vikas_kumarGG18,{'weight': 1}
@vs_yadav_12,@aatirwawa,{'weight': 1}
@kirito,@mohit4OJRI,{'weight': 1}
@kirito,@ajay_rana0,{'weight': 1}
@kirito,@pradeepbhandari,{'weight': 1}
@kirito,@desi_thug1,{'weight': 1}
@kirito,@satheeshjaihind,{'weight': 1}
@kirito,@cricketaakash,{'weight': 1}
@kirito,@randeep_sisodia,{'weight': 2}
@kirito,@merijaanindia,{'weight': 1}
@realsources,@pradeepbhandari,{'weight': 1}
@Harsh_PalJS47E,@pradeepbhandari,{'weight': 1}
@memebaaaz,@iampushpendra,{'weight': 1}
@memebaaaz,@Shankar_Mahadevan,{'weight': 4}
@memebaaaz,@memon6902,{'weight': 1}
@mohit4OJRI,@thedhawalpathak,{'weight': 1}
@mohit4OJRI,@nandubhai,{'weight': 1}
@nikhil_surana,@airara_suri,{'weight': 1}
@nikhil_surana,@prakash_ranjan4UHTU,{'weight': 1}
@airara_suri,@ajay_rana0,{'weight': 1}
@Arynik_,@hindustniMJ831,{'weight': 1}
@lakshya.arup,@Mitesh3315,{'weight': 1}
@Mitesh3315,@pradeepbhandari,{'weight': 1}
@hindustniMJ831,@Uttam_DarjiMJE9B,{'weight': 1}
@hindustniMJ831,@mananaroy,{'weight': 1}
@hindustniMJ831,@viniypedia,{'weight': 1}
@hindustniMJ831,@SaishMalvekar,{'weight': 1}
@hindustniMJ831,@sourav_hazra,{'weight': 1}
@hindustniMJ831,@misanthrope,{'weight': 1}
@hindustniMJ831,@Bhavesh_Bachani,{'weight': 1}
@hindustniMJ831,@_abhishek,{'weight': 1}
@hindustniMJ831,@persepsie,{'weight': 1}
@ajay_rana0,@yogendra_sirohi,{'weight': 1}
@ajay_rana0,@angry_hindu,{'weight': 1}
@angry_hindu,@pradeepbhandari,{'weight': 1}
@भावेश_बोहरा,@republic,{'weight': 1}
@KittuK,@sharma8492,{'weight': 1}
@ssaboo,@mukaiनमःशिवाय:,{'weight': 1}
@mananaroy,@Konikaa,{'weight': 1}
@Ms97,@prafulkumart,{'weight': 1}
@yuvrajsingh07,@wriddhi,{'weight': 1}
@misanthrope,@PrakashDXNR,{'weight': 1}
@moneybulls,@m_tripathi6HJKH,{'weight': 1}
@iamshantnu,@TheDucksters,{'weight': 1}
@nikhil_122,@pradeepbhandari,{'weight': 1}
@bashibazouk,@ரத்னகணபதி,{'weight': 1}
@munishbansal,@pradeepbhandari,{'weight': 1}
@thekartike,@ash_98,{'weight': 1}
@Veehir_B,@AJ_Baishya,{'weight': 2}
@pradeepbhandari,@praveenanekere,{'weight': 1}
@pradeepbhandari,@jagapathi_raju,{'weight': 1}
@pradeepbhandari,@सु_बत्रा,{'weight': 1}
@pradeepbhandari,@koomemritunjay,{'weight': 1}
@pradeepbhandari,@yodhasanatani,{'weight': 1}
@pradeepbhandari,@true_to_peoplehrqq,{'weight': 1}
@pradeepbhandari,@leelavathi4GLOQ,{'weight': 1}
@pradeepbhandari,@preeti_57,{'weight': 1}
@pradeepbhandari,@visaradah,{'weight': 1}
@pradeepbhandari,@pravin_veer,{'weight': 1}
@pradeepbhandari,@moutusi5,{'weight': 1}
@pradeepbhandari,@koonal13,{'weight': 1}
@pradeepbhandari,@harigoyal,{'weight': 1}
@pradeepbhandari,@bhagatparitosh,{'weight': 1}
@pradeepbhandari,@tanmoy_gn,{'weight': 1}
@pradeepbhandari,@bhagat74,{'weight': 1}
@pradeepbhandari,@Dr._Amol_Dahiphale,{'weight': 1}
@pradeepbhandari,@sunny17,{'weight': 1}
@pradeepbhandari,@Sangitadutta,{'weight': 1}
@pradeepbhandari,@geeta_kapil,{'weight': 1}
@pradeepbhandari,@Lik_u,{'weight': 1}
@pradeepbhandari,@Lotiya_Pathan,{'weight': 1}
@pradeepbhandari,@jssalian2021,{'weight': 1}
@TheDucksters,@SiddharthShelke,{'weight': 1}
@TheDucksters,@Cricket_Glory,{'weight': 1}
@AJ_Baishya,@meghna_S,{'weight': 1}
@theOneandOnly,@prafulkumart,{'weight': 1}
@jasuja,@cabhijeeth,{'weight': 1}
@jasuja,@shuks,{'weight': 1}
@jasuja,@Gary_Sheth_,{'weight': 1}
@Gary_Sheth_,@OjhaRohit,{'weight': 1}
@prafulkumart,@Arny_S,{'weight': 1}
@desi_thug1,@shallakaul,{'weight': 1}
@desi_thug1,@thakurajit,{'weight': 1}
@manmauji,@कौशिकशिल,{'weight': 1}
@keshav_delhi,@keshav_delhi,{'weight': 1}
@randeep_sisodia,@indrakumarNH76,{'weight': 1}
@randeep_sisodia,@saralabsp,{'weight': 1}
@randeep_sisodia,@sunitpanna,{'weight': 1}
@randeep_sisodia,@SanaatanBharat,{'weight': 1}
@randeep_sisodia,@RajeshParikh11,{'weight': 1}
@randeep_sisodia,@gyanpipasu,{'weight': 1}
@randeep_sisodia,@ashok.saini,{'weight': 1}
@CAKishanSinghaniaCUIX,@CAKishanSinghaniaCUIX,{'weight': 1}
@Rajivsaby,@Gan_0707,{'weight': 1}
@JAtinDSGW,@priyanka_c,{'weight': 1}
@imanojdubey,@imanojdubey,{'weight': 1}
@kpop,@dharmesh901,{'weight': 1}
@barajb,@Hareshbhai..,{'weight': 1}
@mrk.scm,@RajeshParikh11,{'weight': 1}
@BharatiyaHWWR,@renash,{'weight': 1}
@renash,@RPLUHACH,{'weight': 1}
@renash,@MNS18,{'weight': 1}
@renash,@abhishek_maurya4T727,{'weight': 2}
@renash,@shubham_sinha7AB8D,{'weight': 1}
@renash,@Bablimtahur,{'weight': 1}
@renash,@queerswingsright,{'weight': 1}
@renash,@Bala_Sharma,{'weight': 1}
@renash,@imatmanirvar,{'weight': 1}
@renash,@The_Hindu_Rajya,{'weight': 1}
@guest_MHSQ0,@guest_MHSQ0,{'weight': 1}
@republic,@shivu3722,{'weight': 1}
@republic,@MahaThugBandhan,{'weight': 1}
@republic,@kunalM3KEF,{'weight': 1}
@republic,@Mr.Rawat,{'weight': 1}
@Roco,@sima7EI1P,{'weight': 1}
@drpavansonarmumbai,@Raghavendra2342,{'weight': 1}
@kumar_rajuBN5UH,@CricketArsh,{'weight': 1}
@nameisabhi,@nameisabhi,{'weight': 1}
@since_1998_98,@kap_talks,{'weight': 1}
@jaypal__rajput,@jaypal__rajput,{'weight': 1}
@amarkantca,@SwarajyaMag,{'weight': 1}
@guest_MHHPG,@guest_MHHPG,{'weight': 1}
@AbdulKhadarTJFX,@Tejas_BarveMHAV3,{'weight': 1}
@Tejas_BarveMHAV3,@AmolPophali,{'weight': 1}
@ndhiraj,@madhu_sudan_acharya,{'weight': 1}
@ndhiraj,@जतिन_सरकार,{'weight': 1}
@ndhiraj,@anuj_yadavBJ58V,{'weight': 1}
@wriddhi,@subodhB5OV1,{'weight': 1}
@wriddhi,@Makhan_lal_Upadhyay,{'weight': 1}
@wriddhi,@ZeEsHaN_LoNe,{'weight': 1}
@cricketaakash,@dot.one,{'weight': 1}
@cricketaakash,@khatiworapramod,{'weight': 1}
@cricketaakash,@sanjaydorale,{'weight': 1}
@ikshuatkoo,@ikshuatkoo,{'weight': 1}
@NewstrackliveEnglish,@गीतांजलि_मोहापात्रा,{'weight': 1}
@Vijayan_Gupta,@acuto,{'weight': 1}
@Vijayan_Gupta,@Vijayan_Gupta,{'weight': 1}
@sunilsanjan,@sunilsanjan,{'weight': 1}
@StoriesByAniket,@StoriesByAniket,{'weight': 1}
@StoriesByAniket,@Mickyyyt,{'weight': 1}
@aditya_nair,@aockerarun,{'weight': 2}
@deepdasgupta7,@binay_sarkarLMTLN,{'weight': 1}
@deepdasgupta7,@antriksh_j,{'weight': 1}
@SpicieyGenius,@SpicieyGenius,{'weight': 2}
@A_Shaiva,@SwarajyaMag,{'weight': 1}
@Perciverakash,@jayantjayant,{'weight': 1}
@Perciverakash,@Perciverakash,{'weight': 1}
@CricketWorldWide,@CricketWorldWide,{'weight': 1}
@_thinker,@PriyankaShah,{'weight': 1}
@_thinker,@Suresh_Ruparel,{'weight': 1}
@sachinsuperfan,@capt_abhi,{'weight': 1}
@ShitWit,@Krishnan_252,{'weight': 1}
@lopa,@Prasadhere,{'weight': 1}
@ra_mo,@dev65,{'weight': 1}
@dev65,@Ria_Banerji,{'weight': 1}
@Raghavendra2342,@Moitrish,{'weight': 1}
,@vishwash_jain,{'weight': 1}
,@rahul_sharmaM8ROF,{'weight': 1}
,@Amaze_Meetaul,{'weight': 1}
,@aniruth.vs,{'weight': 1}
@writerNeeraj,@anitaDubey,{'weight': 1}
@Kingkohli.fan,@Roy_1993,{'weight': 1}
@Kingkohli.fan,@dkyadav314,{'weight': 1}
@OneindiaNews,@प्रणव_गुप्ता,{'weight': 1}
@OneindiaNews,@moorthyk,{'weight': 1}
@OneindiaNews,@sarcatic_nationalist,{'weight': 1}
@OneindiaNews,@MANI_MOHANTY6AG44,{'weight': 1}
@OneindiaNews,@Kashyap_Vaishnav,{'weight': 1}
@MANI_MOHANTY6AG44,@SwarajyaMag,{'weight': 1}
@aniruth.vs,@aniket_bhat,{'weight': 1}
@aniruth.vs,@aniruth.vs,{'weight': 1}
@fanof07,@RanaBhaiya,{'weight': 1}
@SwarajyaMag,@chetana1970,{'weight': 1}
@SwarajyaMag,@saarthi008,{'weight': 1}
@SwarajyaMag,@Koo_Media,{'weight': 1}
@SwarajyaMag,@anup_guptaF7BQK,{'weight': 1}
@abplive,@ajaytomarr,{'weight': 1}
@kamalksrivastava,@saxenaanilkumar,{'weight': 1}
@kap_talks,@kap_talks,{'weight': 1}
@villager_chaudhary,@gsr_view,{'weight': 1}
@villager_chaudhary,@iamrampathak,{'weight': 1}
@Mauryaji_DDK,@KrushnaSagarGiri,{'weight': 1}
@الهندية,@TheNationalDebate,{'weight': 1}
@rakesh_tripathi26,@Ranvir_Arya,{'weight': 1}
@हिन्दू_राष्ट्र6S5EU,@बजरंगी_बाबा,{'weight': 1}
@हिन्दू_राष्ट्र6S5EU,@anuj.gangwar042,{'weight': 1}
@हिन्दू_राष्ट्र6S5EU,@PawarRachna,{'weight': 1}
@हिन्दू_राष्ट्र6S5EU,@vikramM63G3,{'weight': 1}
@Snewsindia,@rajib_mishra,{'weight': 1}
@Snewsindia,@cha_shekhar,{'weight': 1}
@Snewsindia,@shivam.jhade,{'weight': 1}
@Snewsindia,@sarad301270,{'weight': 1}
@Snewsindia,@iamkkagnihotri,{'weight': 1}
@Snewsindia,@Sahebrao_Sontakke,{'weight': 1}
@Snewsindia,@Manish_Sri,{'weight': 1}
@Snewsindia,@sajiL405K,{'weight': 1}
@ameypethkar9,@Tanaysinghthakur,{'weight': 1}
@ameypethkar9,@pbm_1904,{'weight': 1}
@lonemonk,@कौशिकशिल,{'weight': 1}
@कौशिकशिल,@pittakathalu,{'weight': 1}
@PrakashDXNR,@Satrajit_Sengupta,{'weight': 1}
@merijaanindia,@kiran.kuppalli,{'weight': 1}
@merijaanindia,@jayaar,{'weight': 1}
@Sanatani766,@Tanmaya_Das,{'weight': 1}
@Tanmaya_Das,@Divyansh_sahu,{'weight': 1}
