,username,date,content,likes,hashtags,rekoo_users
0,@astrologymagic,04-11-2021,"Do not give up your #traditions just because few people say so!

Environment is saving you. You cannot save the #environment. Instead, ask people to start being kind and #honest with everyone rather than them teaching you lessons on #pollution or environment!

Happy Diwali!

#Diwali #Deepavali #Deepawali #HappyDiwali #HappyDeepavali #HappyDeepawali #Culture #Hindu #Hinduism #AstrologyMagic",2,"['#traditions', '#environment.', '#honest', '#pollution', '#Diwali', '#Deepavali', '#Deepawali', '#HappyDiwali', '#HappyDeepavali', '#HappyDeepawali', '#Culture', '#Hindu', '#Hinduism', '#AstrologyMagic']",
1,@vineetkhare2000,04-11-2021,"#Pollution in #DelhiNCR is so bad, it‚Äôs causing a headache!! #India ",,"['#Pollution', '#DelhiNCR', '#India']",
2,@ayush_anandG9T05,04-11-2021,"Delhi‚Äôs air quality a day before Diwali best in 5 years: Environment Minister Gopal Rai.
#Delhi #Pollution #airpollution #NewDelhi #gopalrai",,"['#Delhi', '#Pollution', '#airpollution', '#NewDelhi', '#gopalrai']",
3,@newsupdates,03-11-2021,"Delhi‚Äôs overall air quality dips to ‚Äôvery poor‚Äô category ahead of Diwali.

#Delhi #Diwali #Diwali2021 #airpollution #pollution #gogreen #saveearth #alert",3,"['#Delhi', '#Diwali', '#Diwali2021', '#airpollution', '#pollution', '#gogreen', '#saveearth', '#alert']",
4,@ayush_anandG9T05,02-11-2021,"AQI in new delhi is very poor, People are struggling to see due to low visibility.
#Delhi #NewDelhi #pollution #ArvindKejriwal #Capitalofindia",,"['#Delhi', '#NewDelhi', '#pollution', '#ArvindKejriwal', '#Capitalofindia']",
5,@shrikantamaity1,02-11-2021,"Check this post from @thelosthindu on Koo App: 

‚ÄùBum buma bum bum ‚Ä¶ 
#Diwali #Cracker #Pollution #Hindu #fest...‚Äù 
https://www.kooapp.com/koo/thelosthindu/f650617f-1522-497a-bf70-8c54c54528a0
Download Koo App
https://www.kooapp.com/dnld",8,"['#Diwali', '#Cracker', '#Pollution', '#Hindu', '#fest...‚Äù']",
6,@newsupdates,01-11-2021,"Till 4th Nov, air quality is expected to be in ‚Äôpoor‚Äô category. It could dip to ‚Äôvery poor‚Äô category on 5-6 Nov due to northwesterly winds & bursting of crackers: VK Soni, IMD Scientist, Delhi.

#airpollution #pollution #gogreen #saveearth #Delhi",1,"['#airpollution', '#pollution', '#gogreen', '#saveearth', '#Delhi']","['@bk_sharma4LCQH', '@KRHMATH']"
7,@SwarajyaMag,01-11-2021,"Thermal Power Plants To Procure Over Two Million Tonnes Of Biomass Pellets To Decrease Stubble Burning By Farmers

#stubbleburning #thermalpower #pollution",8,"['#stubbleburning', '#thermalpower', '#pollution']","['@indian_guy5A1EB', '@GRSN', '@karkotaka']"
8,@thelosthindu,31-10-2021,"Bum buma bum bum ‚Ä¶ 
#Diwali #Cracker #Pollution #Hindu #festival",8,"['#Diwali', '#Cracker', '#Pollution', '#Hindu', '#festival']","['@kiran17', '@shrikantamaity1', '@Madhu_Krishna_V']"
9,@bharatvanshee,30-10-2021,"#Indian states bans #Diwali crackers in the name of pollution.

But the same Indian state #subsidizes beef business. #Beef causes 650 times more environmental #pollution than Diwali #crackers.

This is not #secularism.",2,"['#Indian', '#Diwali', '#subsidizes', '#Beef', '#pollution', '#crackers.', '#secularism.']","['@pankajkoo2021', '@immuneshsingh']"
10,@sathyanarayan,30-10-2021,"A big slap on @flyspicejet face by
the manufacturers of @Cockbrand_India crackers,who said ‚ÄùNo crackers, Lets celebrate a #Pollution free Deepavali‚Äù
Well done üëåüëç
#Crackers",12,"['#Pollution', '#Crackers']",['@RPLUHACH']
11,@anand_vajapeyam8DKFS,30-10-2021,"#healthiswealth #pollution
https://www.nationalgeographic.com/magazine/graphics/see-how-polluted-air-attacks-our-bodies-feature?cmpid=org=ngp::mc=crm-email::src=ngp::cmp=editorial::add=SpecialEdition_20211029::rid=F60AAAD4DEE73B0E6E965BCAB2601B15",,"['#healthiswealth', '#pollution']",
12,@gangwal_dushyant,29-10-2021,"Day by day increase of pollution Level in India can effect India economy in future?
#narendramodi  #pollution #congress  #hindus  #ramayan  #bhrat #rahulgandhi  #t20worldcup  #enviroment #economy  #natureisthebest  #koooftheday  #kooindia
#kashmir  #yogi",6,"['#narendramodi', '#pollution', '#congress', '#hindus', '#ramayan', '#bhrat', '#rahulgandhi', '#t20worldcup', '#enviroment', '#economy', '#natureisthebest', '#koooftheday', '#kooindia', '#kashmir', '#yogi']","['@rambabu_jaiswal', '@seetharama_kotari']"
13,@MissionForEarth,29-10-2021,"Is bursting crackers in Diwali only responsible for rise in air pollution in India? Do other factors also play a major role? 

Watch the video to learn more.
 @UNEP @moefcc @byadavbjp

#environment #nature #Diwali #Diwali2021 #India #pollution #AirPollution #missionforearth #ME",6,"['#environment', '#nature', '#Diwali', '#Diwali2021', '#India', '#pollution', '#AirPollution', '#missionforearth', '#ME']","['@Pure_Desi', '@subhashdhawan', '@Prerna_Mahajan']"
14,@ptcnews,26-10-2021,"#Greenhousegas levels hit record high in 2020: Report

#pollution 
#GreenhouseGas 
#greenhouse 
https://www.ptcnews.tv/greenhouse-gas-levels-hit-record-high-in-2020-report/",,"['#Greenhousegas', '#pollution', '#GreenhouseGas', '#greenhouse']",
15,@notjustaclub,26-10-2021,"#yourviewsyournews #news #updates Assam Pollution Control Board has imposed a complete #ban on sale and bursting of crackers during #Diwali, #Chhath and #Christmas #crackers #pollution #pollutionfreediwali #pollutionfree #climatechange #nature #kooforindia #koooftheday",,"['#yourviewsyournews', '#news', '#updates', '#ban', '#Diwali,', '#Chhath', '#Christmas', '#crackers', '#pollution', '#pollutionfreediwali', '#pollutionfree', '#climatechange', '#nature', '#kooforindia', '#koooftheday']",
16,@newsupdates,26-10-2021,"Australia sets 2050 net zero emissions target, reports AFP news Agency quoting PM Scott Morrison.

#Australia #netzero #NetZero2050 #NetZeroBy2050 #ScottMorrison #saveearth #gogreen #GlobalWarming #pollution #carbon",2,"['#Australia', '#netzero', '#NetZero2050', '#NetZeroBy2050', '#ScottMorrison', '#saveearth', '#gogreen', '#GlobalWarming', '#pollution', '#carbon']",['@KRHMATH']
17,@Gurjinderinghhayer,25-10-2021,#waterpollution   #pollution   #plasticpollution   #water   #climatechange   #cleanwater   #environment   #airpollution   #nature   #pollutionfreefree  #savetheplanet   #oceanpollution   #zerowaste   #stoppollution   #sustainability   #globalwarming   #savetheearth   #savewater   #saveearth   #endplasticpollution,1,"['#waterpollution', '#pollution', '#plasticpollution', '#water', '#climatechange', '#cleanwater', '#environment', '#airpollution', '#nature', '#pollutionfreefree', '#savetheplanet', '#oceanpollution', '#zerowaste', '#stoppollution', '#sustainability', '#globalwarming', '#savetheearth', '#savewater', '#saveearth', '#endplasticpollution']",
18,@readselective,24-10-2021,"#PlasticWaste: The problem was made worse for many developing countries when #China announced its refusal to accept other countries‚Äô plastic waste in 2018.

#pollution 
#plasticpollution 

#ReadSelective ",,"['#PlasticWaste:', '#China', '#pollution', '#plasticpollution', '#ReadSelective']",
19,@subby,24-10-2021,"#Pollution Delhi Govt should note Hotspot is AurobindoMarg IIT F/O to Qutab , portholes and broken roads causing heavy dust pollution due to heavy traffic , smog gun is foolish move ",,['#Pollution'],
20,@sanjiv_k_pundir,21-10-2021,"@Rajinder_Dawar #Jago 
The volume of loudspeakers at 70,000 mosques in Indonesia was softened to reduce the sound #Pollution
If an Islamic nation can, why can‚Äôt it happen in secular #India?
https://t.co/ZaeJgKCz0C
#thursdayvibes",3,"['#Jago', '#Pollution', '#India?', '#thursdayvibes']",
21,@IANS,20-10-2021,"Annual concentration of #pollution in #Delhi still needs to be reduced by 58 per cent to meet the cleanliness standard, Anumita Roychowdhury, Executive Director (Research and Advocacy) at the Centre for Science and Environment (CSE), said on Wednesday.",1,"['#pollution', '#Delhi']",
22,@AlepTT,20-10-2021,"On #World Statistics Day let‚Äô‚Äôs make known all areas that need focus and improvement! To stop #Pollution and keep our surroundings #Clean and #Green. 
#aleptt #worldstatisticsday #plasticpollution #nopollution #cleanscienceandtechnology #clean #india #surroundings #pollutioncontrol #prideinindia #koos #kooindia #koooftheday #kooforindia #koorevolution  ",,"['#World', '#Pollution', '#Clean', '#Green.', '#aleptt', '#worldstatisticsday', '#plasticpollution', '#nopollution', '#cleanscienceandtechnology', '#clean', '#india', '#surroundings', '#pollutioncontrol', '#prideinindia', '#koos', '#kooindia', '#koooftheday', '#kooforindia', '#koorevolution']",
23,@prabhasakshi,19-10-2021,#Delhi #DelhiRains #Pollution #DelhiPollution,,"['#Delhi', '#DelhiRains', '#Pollution', '#DelhiPollution']",
24,@JournalistSonusharma,17-10-2021,Govt is providing Rs 1000 per acre to farmers & industries are also coming to buy #stubble this time. We will not let the #pollution increase: #Haryana CM @mlkhattar,,"['#stubble', '#pollution', '#Haryana']",
25,@itsashishjain,17-10-2021,"What air can do to your health read the article
https://indianexpress.com/article/india/air-quality-new-who-norms-now-almost-entire-india-polluted-7528266/lite/
Take care of your lungs ü´Å health

#who #airhealth #health #mentor #coach #saveair #airpollution #pollution #koo #kooforindia  #kooindia #koofortheday",1,"['#who', '#airhealth', '#health', '#mentor', '#coach', '#saveair', '#airpollution', '#pollution', '#koo', '#kooforindia', '#kooindia', '#koofortheday']",
26,@newsupdates,17-10-2021,"We have asked industries to use stubble for ethanol, energy production. This time there are fewer cases of #stubble burning. At some places those who are doing it, we are taking strict action against them.


Government is providing Rs 1000 per acre to farmers & industries are also coming to buy stubble this time. We will not let the #pollution increase: Haryana CM Manohar Lal Khattar.

#Haryana",2,"['#stubble', '#pollution', '#Haryana']",['@KRHMATH']
27,@itsashishjain,17-10-2021,"What does #WHO says about #india #pollution
https://indianexpress.com/article/india/air-quality-new-who-norms-now-almost-entire-india-polluted-7528266/lite/
#Koo #rekoo #kooforindia #koooftheday #pollutedcity",1,"['#WHO', '#india', '#pollution', '#Koo', '#rekoo', '#kooforindia', '#koooftheday', '#pollutedcity']",
28,@IANS,16-10-2021,"The national capital‚Äôs air quality on Saturday touched the ‚Äôpoor‚Äô category mark with its Air Quality Index crossing 300, data from the Central #Pollution Control Board (CPCB) revealed.

Photo: IANS (File)",2,['#Pollution'],
29,@vineetkhare2000,16-10-2021,#Delhi #DelhiNCR #Smog #Pollution - in case you are planning to visit #DelhiNCR - polluted air is back ! #AirPollution #India ,2,"['#Delhi', '#DelhiNCR', '#Smog', '#Pollution', '#DelhiNCR', '#AirPollution', '#India']",
0,@readselective,14-10-2021,"Farmers in Punjab‚Äôs Bathinda burn stubble, say not left with any other choice 

#Punjab
#Pollution 
#AirPollution 
#ReadSelective 
https://www.aninews.in/news/national/general-news/farmers-in-punjabs-bathinda-burn-stubble-say-not-left-with-any-other-choice20211014054754 href=/tag/.YWfAMs-v4Qg.twitter>#.YWfAMs-v4Qg.twitter",,"['#Punjab', '#Pollution', '#AirPollution', '#ReadSelective', 'https://www.aninews.in/news/national/general-news/farmers-in-punjabs-bathinda-burn-stubble-say-not-left-with-any-other-choice20211014054754 href=/tag/.YWfAMs-v4Qg.twitter>#.YWfAMs-v4Qg.twitter']",
1,@karmactive,13-10-2021,"These Mussels Can Remove MicroPlastic From Our Oceans - Watch the Full Video -
#karmactive #mussels #mollusks #saveourplanet #marinelife #plasticfree #noplastic #plasticpollution #plasticban #microplastic #oceancleanup #sustainability #pollution #savetheearth #environment #habitat #plymouth #oceanlove #noplanetb #protecttheocean #saveourseas #saveouroceans #oceanlover #oceanaddict #saveocean",1,"['#karmactive', '#mussels', '#mollusks', '#saveourplanet', '#marinelife', '#plasticfree', '#noplastic', '#plasticpollution', '#plasticban', '#microplastic', '#oceancleanup', '#sustainability', '#pollution', '#savetheearth', '#environment', '#habitat', '#plymouth', '#oceanlove', '#noplanetb', '#protecttheocean', '#saveourseas', '#saveouroceans', '#oceanlover', '#oceanaddict', '#saveocean']",
2,@ajayrepoter,12-10-2021,"Ban on sale, use of #firecrackers in #Chandigarh

#pollution 
#AirPollution
https://www.ptcnews.tv/ban-on-sale-use-of-firecrackers-in-chandigarh/",,"['#firecrackers', '#Chandigarh', '#pollution', '#AirPollution']",
3,@newsupdates,12-10-2021,"Air #pollution in #Delhi has started increasing because stubble burning has begun in neighbouring states since their governments did not help their farmers find an alternative: CM Arvind Kejriwal. 

#ArvindKejriwal #gogreen #saveearth #greenearth",,"['#pollution', '#Delhi', '#ArvindKejriwal', '#gogreen', '#saveearth', '#greenearth']",
4,@karmactive,11-10-2021,"How Long Should We Depend On Coal For Electricity?

.
.
.
.
#powerplant #coal #coalmining #pollution #karmactive #electricity #power #carbonfootprint #carbonneutral #thermalpowerplant #greenenergy #solarenergy #sustainableenergy #environmental #art #videoedits #edits #naturelover #videocreator #videoarte #artwork #windenergy #thermalpowerplant #digitalart #artofnature #artivism #ecoart",6,"['#powerplant', '#coal', '#coalmining', '#pollution', '#karmactive', '#electricity', '#power', '#carbonfootprint', '#carbonneutral', '#thermalpowerplant', '#greenenergy', '#solarenergy', '#sustainableenergy', '#environmental', '#art', '#videoedits', '#edits', '#naturelover', '#videocreator', '#videoarte', '#artwork', '#windenergy', '#thermalpowerplant', '#digitalart', '#artofnature', '#artivism', '#ecoart']",
5,@abplive,04-10-2021,"Delhi CM Announces 10-Point Winter Action Plan, Appeals Neighbouring States To ‚ÄôWork Together For Clean Air‚Äô. 

#Delhi #ArvindKejriwal #Pollution 
https://news.abplive.com/news/india/delhi-cm-arvind-kejriwal-announces-10-point-winter-action-plan-for-clean-air-1485895",2,"['#Delhi', '#ArvindKejriwal', '#Pollution']",
6,@goanewshub,03-10-2021,"Continuing their eco-conscious initiative ‚ÄúWaterfall Cleanliness Drive‚Äù, JCI Sanquelim cleaned the surroundings of Saleli Waterfall on October 02. #Environment #Pollution #Waterfall #JCI",,"['#Environment', '#Pollution', '#Waterfall', '#JCI']",
7,@MissionForEarth,01-10-2021,"As per a report ‚ÄùAir Pollution cuts life expectancy by 9 years of 40% of the Indians.‚Äù
More than 480 million people living in Central, Eastern and Northern India, including Capital New Delhi, endure significantly high pollution levels, said report of the Energy Policy Institute at the University of Chicago (EPIC).

#environment #nature #airpollution #ClimateCrisis #pollution #universityofchicago",7,"['#environment', '#nature', '#airpollution', '#ClimateCrisis', '#pollution', '#universityofchicago']","['@akankshasharma_', '@divyashandilya', '@charitendra', '@yamglobal', '@Prerna_Mahajan']"
8,@advindhealthcare,29-09-2021,"On World Heart Day, start doing everything you can to maintain a healthy heart.

#worldheartday #heart #heartday #healthyheart #india #advindhealthcare #pollution #airpollution #pollutionmask #aqi #airquality #badair #cleanair #breathe #antipollutionmask #facemasks #facemask #Delhi #DelhiAirPollution #Delhipollution #N95masks #N99masks #N99Respirator #N95respirator #antipollutionmasks #covidmask",1,"['#worldheartday', '#heart', '#heartday', '#healthyheart', '#india', '#advindhealthcare', '#pollution', '#airpollution', '#pollutionmask', '#aqi', '#airquality', '#badair', '#cleanair', '#breathe', '#antipollutionmask', '#facemasks', '#facemask', '#Delhi', '#DelhiAirPollution', '#Delhipollution', '#N95masks', '#N99masks', '#N99Respirator', '#N95respirator', '#antipollutionmasks', '#covidmask']",
9,@kedar123,29-09-2021,"MOVES | Short Film | by @ajitsinghmirdhe 

Presented by @shivaparastudios 
Youtube üîó in bio üëà

#firstfilm #shortfilm #climatechange #motherearth #climate #climatechangeisreal #environment #netzero #pollution #saveplanetearth #planttrees #savetrees",,"['#firstfilm', '#shortfilm', '#climatechange', '#motherearth', '#climate', '#climatechangeisreal', '#environment', '#netzero', '#pollution', '#saveplanetearth', '#planttrees', '#savetrees']",
10,@imAbelwal,29-09-2021,"#Delhi ‡§Æ‡•á‡§Ç ‡§™‡§ü‡§æ‡§ñ‡•á ‡§´‡•ã‡§°‡§º‡§®‡•á ‡§î‡§∞ ‡§¨‡§ø‡§ï‡•ç‡§∞‡•Ä ‡§™‡§∞ ‡§∞‡•ã‡§ï‚Ä¶1 ‡§ú‡§®‡§µ‡§∞‡•Ä 2022 ‡§§‡§ï ‡§≤‡§ó‡§æ ‡§™‡•Ç‡§∞‡•ç‡§£ ‡§™‡•ç‡§∞‡§§‡§ø‡§¨‡§Ç‡§ß.

#pollution",1,"['#Delhi', '#pollution']",['@‡§Æ‡§æ‡§Ø‡§æ‡§∞‡§æ‡§Æ_‡§ß‡•ç‡§Ø‡§æ‡§®‡•Ä']
0,@krishijagran,24-09-2021,"A meeting chaired by Union Minister for Environment, Forest & Climate Change, Bhupendra Yadav was held at Indira Paryawaran Bhawan
https://krishijagran.com/news/northern-states-check-there-preparedness-ahead-of-stubble-burning-season/
#StubbleBurninginIndia  #Pollution  #Environment  #ClimateChange",1,"['#StubbleBurninginIndia', '#Pollution', '#Environment', '#ClimateChange']",
1,@SwarajyaMag,24-09-2021,"Commission Of Air Quality Management Reviews Measures Taken To Control Air Pollution In Delhi And NCR Region

#Delhi #NCR #Pollution",,"['#Delhi', '#NCR', '#Pollution']",
2,@newsupdates,23-09-2021,"The Goa state pollution control board has invited applications from graduates, class 12 pass, ITI certificate holders to recruit to various posts like junior environmental engineer, junior stenographer, and network assistant. 

The application format is available on the official website goa.gov.in. 

#goa #pollution #job #employment",1,"['#goa', '#pollution', '#job', '#employment']",
3,@mydigitalnews.in,20-09-2021,"Pollution control philosophy with relation to Water Pollution 
https://mydigitalnews.in/pollution-control-philosophy-with-relation-to-water-pollution
 #Philosophy #control  #organic #agriculture  #carbon  #Ocean  #WaterPollution #pollution #water #environment #definition",,"['#Philosophy', '#control', '#organic', '#agriculture', '#carbon', '#Ocean', '#WaterPollution', '#pollution', '#water', '#environment', '#definition']",
4,@mydigitalnews.in,20-09-2021,"Nutrient pollution - Water Polution 
https://mydigitalnews.in/nutrient-pollution-water-polution
 #organic #agriculture  #carbon  #Ocean  #WaterPollution #pollution #water #environment #definition",,"['#organic', '#agriculture', '#carbon', '#Ocean', '#WaterPollution', '#pollution', '#water', '#environment', '#definition']",
5,@mydigitalnews.in,20-09-2021,"Marine pollution - Water Polution 
https://mydigitalnews.in/marine-pollution-water-polution
   #organic #agriculture  #carbon  #Ocean  #WaterPollution #pollution #water #environment #definition",,"['#organic', '#agriculture', '#carbon', '#Ocean', '#WaterPollution', '#pollution', '#water', '#environment', '#definition']",
6,@mydigitalnews.in,20-09-2021,"Pollution of rivers, lakes and oceans - Types of Water Polution 
https://mydigitalnews.in/pollution-of-rivers-lakes-and-oceans-types-of-water-polution
   #organic #agriculture  #carbon  #Ocean  #WaterPollution #pollution #water #environment #definition",,"['#organic', '#agriculture', '#carbon', '#Ocean', '#WaterPollution', '#pollution', '#water', '#environment', '#definition']",
7,@mydigitalnews.in,20-09-2021,"Environmental persistent pharmaceutical pollutants - Water Polution 
https://mydigitalnews.in/environmental-persistent-pharmaceutical-pollutants
  #organic #agriculture  #carbon  #Ocean  #WaterPollution #pollution #water #environment #definition",,"['#organic', '#agriculture', '#carbon', '#Ocean', '#WaterPollution', '#pollution', '#water', '#environment', '#definition']",
8,@mydigitalnews.in,20-09-2021,"Compounds on the Stockholm Convention list - Persistent organic pollutant - Water Polution 
https://mydigitalnews.in/compounds-on-the-stockholm-convention-list-persistent-organic-pollutant-water-polution
  #organic #agriculture  #carbon  #Ocean  #WaterPollution #pollution #water #environment #definition",,"['#organic', '#agriculture', '#carbon', '#Ocean', '#WaterPollution', '#pollution', '#water', '#environment', '#definition']",
9,@mydigitalnews.in,20-09-2021,"Persistent organic pollutant - Water Polution 
https://mydigitalnews.in/persistent-organic-pollutant-water-polution
 #organic #agriculture  #carbon  #Ocean  #WaterPollution #pollution #water #environment #definition",,"['#organic', '#agriculture', '#carbon', '#Ocean', '#WaterPollution', '#pollution', '#water', '#environment', '#definition']",
10,@mydigitalnews.in,20-09-2021,"Water polution and Non-biodegradable organic compounds 
https://mydigitalnews.in/water-polution-and-non-biodegradable-organic-compounds
 #organic #agriculture  #carbon  #Ocean  #WaterPollution #pollution #water #environment #definition",,"['#organic', '#agriculture', '#carbon', '#Ocean', '#WaterPollution', '#pollution', '#water', '#environment', '#definition']",
11,@mydigitalnews.in,20-09-2021,"Water polution - Pathogens from sewage and agriculture 
https://mydigitalnews.in/water-polution-pathogens-from-sewage-and-agriculture
 #agriculture  #carbon  #Ocean  #WaterPollution #pollution #water #environment #definition",,"['#agriculture', '#carbon', '#Ocean', '#WaterPollution', '#pollution', '#water', '#environment', '#definition']",
12,@mydigitalnews.in,20-09-2021,"Carbon cycle and Ocean Acidification 
https://mydigitalnews.in/carbon-cycle-and-ocean-acidification
  #carbon  #Ocean  #WaterPollution #pollution #water #environment #definition",,"['#carbon', '#Ocean', '#WaterPollution', '#pollution', '#water', '#environment', '#definition']",
13,@mydigitalnews.in,20-09-2021,"Ocean acidification and Water Polution imapact on Environment 
https://mydigitalnews.in/ocean-acidification-and-water-polution-imapact-on-environment
 #Ocean  #WaterPollution #pollution #water #environment #definition",,"['#Ocean', '#WaterPollution', '#pollution', '#water', '#environment', '#definition']",
14,@mydigitalnews.in,20-09-2021,"A practical definition of water pollution is 
https://mydigitalnews.in/a-practical-definition-of-water-pollution-is
 #WaterPollution #pollution #water #environment #definition",,"['#WaterPollution', '#pollution', '#water', '#environment', '#definition']",
15,@mydigitalnews.in,20-09-2021,"what is the course of water pollution - A short Note and summary trend 
https://mydigitalnews.in/what-is-the-course-of-water-pollution-a-short-note-and-summary-trend
 #WaterPollution #pollution #water #environment",,"['#WaterPollution', '#pollution', '#water', '#environment']",
16,@thinkwithniche,17-09-2021,"Today, India‚Äôs population stands at 1.3 billion which acts as a hindrance in its way to achieving a sustainable growth pattern and judicious use of nonrenewable resources.‚§µÔ∏è
https://bit.ly/3tH25UY
#development #waste #management #ecological #pollution #population",,"['#development', '#waste', '#management', '#ecological', '#pollution', '#population']",
17,@advindhealthcare,16-09-2021,"Don‚Äôt let the future go up with smoke. Save Ozone, Save Life. 

#advindhealthcare #health #environment #india #masks #pollution #airpollution #pollutionmask #aqi #airquality #badair #cleanair #breathe #antipollutionmask #facemasks #facemask  #N95masks #N99masks #antipollutionmasks #airpurifiers #airpurification #indiapollution #likesforlikes #follow #environment #worldozoneday #ozone #ozoneday",2,"['#advindhealthcare', '#health', '#environment', '#india', '#masks', '#pollution', '#airpollution', '#pollutionmask', '#aqi', '#airquality', '#badair', '#cleanair', '#breathe', '#antipollutionmask', '#facemasks', '#facemask', '#N95masks', '#N99masks', '#antipollutionmasks', '#airpurifiers', '#airpurification', '#indiapollution', '#likesforlikes', '#follow', '#environment', '#worldozoneday', '#ozone', '#ozoneday']",
18,@SwarajyaMag,16-09-2021,"NITI Aayog Launches ‚ÄôShoonya‚Äô Campaign To Promote Zero-Pollution Delivery Vehicles.

#NitiAayog #Pollution #ShoonyaCampaign #RMI",4,"['#NitiAayog', '#Pollution', '#ShoonyaCampaign', '#RMI']",
19,@Rai_neeraj78,16-09-2021,"It‚Äôs our prime duty to decrease #pollution on #earth in order to protect #ozonelayer. If not life on #mother_earth üåç would not be possible in future.

#ozoneday #ozonelayerday 
#worldozoneday 
#ozoneday2021
#saveearth 
#internationalozoneday
#worldozonedayduty
#protectozone
#climatechange
#ozone
#earth
#savetheozonelayer",2,"['#pollution', '#earth', '#ozonelayer.', '#mother_earth', '#ozoneday', '#ozonelayerday', '#worldozoneday', '#ozoneday2021', '#saveearth', '#internationalozoneday', '#worldozonedayduty', '#protectozone', '#climatechange', '#ozone', '#earth', '#savetheozonelayer']",['@ravi_bhalekar']
20,@newsupdates,15-09-2021,"Delhi Chief Minister Arvind Kejriwal has announced a complete ban on the sale, storage and use of firecrackers during Diwali festival.
 Like last year, the government has taken the decision owing to the severe pollution levels in the city.

#Delhi #ArvindKejriwal #diwali #pollution #greenearth",,"['#Delhi', '#ArvindKejriwal', '#diwali', '#pollution', '#greenearth']",['@manveer1191']
21,@advindhealthcare,15-09-2021,"To read the full article, Kindly visit - 
https://www.forbesindia.com/article/take-one-big-story-of-the-day/air-pollution-is-now-a-matter-of-lifes-and-death/70257/1
Source - Forbes India

#advindhealthcare #health #environment #india #masks #pollution #airpollution #pollutionmask #aqi #airquality #badair #cleanair #breathe #antipollutionmask #facemasks #facemask #Delhi",,"['#advindhealthcare', '#health', '#environment', '#india', '#masks', '#pollution', '#airpollution', '#pollutionmask', '#aqi', '#airquality', '#badair', '#cleanair', '#breathe', '#antipollutionmask', '#facemasks', '#facemask', '#Delhi']",
22,@goanewshub,13-09-2021,The tar balls have now surfaced in Zuari River & washed ashore at Cacra beach near Bambolim. #Pollution @CabralNilesh #Beach,,"['#Pollution', '#Beach']",
23,@advindhealthcare,09-09-2021,"‚ÄùMilitary Grade N99 Mask‚Äù

The mask is designed with advanced and innovative technology and comes with two layers of activated Carbon. This mask is ideal for the people at risk of respiratory diseases and for people Living or travelling in areas with High Air Pollution.

#advindhealthcare #health #environment #india #masks #pollution #airpollution #pollutionmask #aqi #airquality #badair #cleanair",,"['#advindhealthcare', '#health', '#environment', '#india', '#masks', '#pollution', '#airpollution', '#pollutionmask', '#aqi', '#airquality', '#badair', '#cleanair']",
24,@virendrajourno,08-09-2021,"https://thecitynewsconnect.com/newsbrief/article-battery-of-hazards-in-lead-recycling
#iit #unicef #lead #pollution",1,"['#iit', '#unicef', '#lead', '#pollution']",['@Economy_Post1']
25,@advindhealthcare,07-09-2021,"To read the full article, kindly visit - 
https://www.bbc.com/news/world-asia-india-58419717
Source - BBC News 

#advindhealthcare #health #environment #india #masks #pollution #airpollution #pollutionmask #aqi #airquality #badair #cleanair #breathe #antipollutionmask #facemasks #facemask #Delhi #DelhiAirPollution #Delhipollution #N95masks #N99masks #antipollutionmasks #airpurifiers #airpurificati",,"['#advindhealthcare', '#health', '#environment', '#india', '#masks', '#pollution', '#airpollution', '#pollutionmask', '#aqi', '#airquality', '#badair', '#cleanair', '#breathe', '#antipollutionmask', '#facemasks', '#facemask', '#Delhi', '#DelhiAirPollution', '#Delhipollution', '#N95masks', '#N99masks', '#antipollutionmasks', '#airpurifiers', '#airpurificati']",
26,@IANS,05-09-2021,"An Indian filmmaker‚Äôs documentary about #pollution caused due to cement plants in the erstwhile forested areas of #Meghalaya has bagged the first place at the ‚Äô2021 Yale Environment 360 Video Contest‚Äô.

The documentary is titled ‚ÄùThe Story of Lumshnong‚Äù, by Aarti Srivastava.",6,"['#pollution', '#Meghalaya']",
27,@apeksha.sandesh,05-09-2021,"There is an increase in the #pollution level in our cities, also our #foodhabits have changed, and the combined effect of all of these has taken a toll on our hairs health.

So here we bring to you simple home remedies to tackle #hairthinning.

Link - 
https://apekshasandesh.com/home-remedies-to-tackle-hair-thinning",,"['#pollution', '#foodhabits', '#hairthinning.']",
28,@advindhealthcare,01-09-2021,"Install KAPPA 1000 indoors which upto 1000 square feet & eliminates all the harmful pollutants from the air.

To know more about us, Visit our website - 
https://www.advindhealthcare.com/
#Advindhealthcare #health #india #masks #pollution #airpollution #pollutionmask #facemasks #facemask #Delhipollution #antipollution #N95mask #N99mask #N99Respirator #antipollutionmasks",,"['#Advindhealthcare', '#health', '#india', '#masks', '#pollution', '#airpollution', '#pollutionmask', '#facemasks', '#facemask', '#Delhipollution', '#antipollution', '#N95mask', '#N99mask', '#N99Respirator', '#antipollutionmasks']",
29,@VishalShaw31,01-09-2021,#Pollution May Cut Life Expectancy Of 40% #Indians By 9 Years: US Study,4,"['#Pollution', '#Indians']",['@Puneet_Vizh']
30,@tridibbordoloi,31-08-2021,#pollution #madhubani,,"['#pollution', '#madhubani']",
31,@dr-ranjeet-mehta,29-08-2021,"Oneperson dies every 30  Sec in developing world fm diseases caused by #plastic #pollution &uncollected rubbish #FFI report & 1million ppl r dying each year fm conditions like diarrhoea,malaria, cancercaused by living near dumping grounds4waste & plastic #FFI #savelife #pollution",,"['#plastic', '#pollution', '#FFI', '#FFI', '#savelife', '#pollution']",
32,@MissionForEarth,25-08-2021,"Gomukh glacier is melting at unsustainable levels due to rapid increase in global warming.

If this continues, Floods followed by subsequent Droughts would be unavoidable leading to massive loss of human life. 


#climatechange #climate #globalwarming #climateemergency #climatecrisis #environment #water #sustainability #nature #conservation #pollution",11,"['#climatechange', '#climate', '#globalwarming', '#climateemergency', '#climatecrisis', '#environment', '#water', '#sustainability', '#nature', '#conservation', '#pollution']","['@gosai_vijay986', '@‡§∏‡•Ä‡§Æ‡§æ‡§∂‡§Ç‡§ï‡§∞', '@Pawansinhaguruji', '@akankshasharma_', '@divyashandilya', '@yamglobal', '@Abhedya']"
33,@newsupdates,23-08-2021,"To fight pollution, we have installed India‚Äôs first smog tower in Delhi today. It can help clean air within one-kilometer range.
 It has been installed on an experiment basis and data from it will be analysed by #IITDelhi and #IITBombay: Delhi CM Arvind Kejriwal.

#ArvindKejriwal #Delhi #Mumbai #pollution",,"['#IITDelhi', '#IITBombay:', '#ArvindKejriwal', '#Delhi', '#Mumbai', '#pollution']",
34,@Himanshu_22,12-08-2021,"Today pollution is increasing as a big problem, small precautions and awareness will prove to be very useful in reducing pollution, it is the moral responsibility of all of us to stop pollution and reduce it.
Pollution Se Azadi
#Pollution 
#India
#Hindustan",1,"['#Pollution', '#India', '#Hindustan']",
35,@anil_singh9761,10-08-2021,"United Nation‚Äôs Report Delivers Stark Warning to The World About Climate Change and Global Warming....

#ClimateChange | #GlobalWarming | #wildfires | #ClimateCrisis |#Environment | #Pollution",1,"['#ClimateChange', '#GlobalWarming', '#wildfires', '#ClimateCrisis', '#Environment', '#Pollution']",['@anil_singh9761']
36,@NationFirst_2902,08-08-2021,"#Bolivia‚Äôs 2nd largest lake #Poopo has dried completely. The diversion of water for irrigation needs along with #ClimateChange & #Pollution have taken a big toll this time. Mother earth is tired...üåé
Yugaabd 5123üôè
#SaveEarthSaveLivesüáÆüá≥",,"['#Bolivia‚Äôs', '#Poopo', '#ClimateChange', '#Pollution', '#SaveEarthSaveLivesüáÆüá≥']",
37,@sociostory,06-08-2021,"The best time to act, was yesterday, the best we can do is today, but if we wait for tomorrow, it may just be too late. 
Mother nature is an unrelenting, unforgiving force, so it is probably best if we treat her well, and maybe, just maybe we can make up for the damage that has already been dealt with.
#climatechange #SAVEENVIRONMENTSAVENATURESAVEEARTHFORFUTURE  #sustainability #earth #pollution",8,"['#climatechange', '#SAVEENVIRONMENTSAVENATURESAVEEARTHFORFUTURE', '#sustainability', '#earth', '#pollution']","['@swamipunit123', '@SupriyaMudgalBrahmaRFPI', '@vaishnaviingale']"
38,@anil_singh9761,06-08-2021,"Every year millions of acres of land are consumed by forest fire and its increasing year by year. 

By raising temperatures, melting snow sooner, drying soils and forests, #climatechange #wildlife #wildfires #pollution #plastics are fueling the problem. #Environment #GreenPlanet",2,"['#climatechange', '#wildlife', '#wildfires', '#pollution', '#plastics', '#Environment', '#GreenPlanet']",['@anil_singh9761']
39,@newsupdates,06-08-2021,"Mumbai | 
Juhu beach sand turns black due to oil spill.

#Mumbai #Juhu #juhubeach #environment #saveearth #GlobalWarming #pollution #greenearth #alert",4,"['#Mumbai', '#Juhu', '#juhubeach', '#environment', '#saveearth', '#GlobalWarming', '#pollution', '#greenearth', '#alert']",
0,@kamal_chauhans,02-08-2021,"The 22 km stretch of #Yamuna from #Wazirabad to #Okhla in #Delhi, which is less than 2% of the #river length, accounts for about 80% of the #pollution load in the river.",,"['#Yamuna', '#Wazirabad', '#Okhla', '#Delhi,', '#river', '#pollution']",
1,@ranjiesh,30-07-2021,"#MMLP ( Multi-Modal Logitics Park) getting created across various states which will help lowering #freight-cost, reduce vehicular #pollution and #congestion while reducing warehousing cost. 35 such parks are planned with the first one in ASSAM and the biggest one in GUJRAT..this will provide huge employment opportunity besides creating FDI window..@mygovindia @morthindia @RailMinIndia",,"['#MMLP', '#freight-cost,', '#pollution', '#congestion']",
2,@readselective,26-07-2021,"Pollution turns Argentina lake bright pink 
#Argentina 
#pollution 
#ReadSelective ",,"['#Argentina', '#pollution', '#ReadSelective']",
3,@learnwithcomics,25-07-2021,"Hey, #youngexplorer!!
Do you know River pollution is damaging to the environment and to human health. We can help you to capture harmful pollutants before they ever reach a river. 
http://learnwithcomics.org/explore/9/Geography/comic/857/River_Pollution
#River 
#pollution 
#riverpollution
#pesticides 
#comics",,"['#youngexplorer!!', '#River', '#pollution', '#riverpollution', '#pesticides', '#comics']",
4,@anil_singh9761,23-07-2021,"#Climatechange fueled the devastating floods in Europe, Wake Up Call from Nature ?#Environment #GreenPlanet #Pollution #GlobalWarming
https://wordlnewsupdate.in/2021/07/23/climatechange-fueled-the-devastating-floods-in-europe-wake-up-call-from-nature-environment-greenplanet-pollution-globalwarming/",2,"['#Climatechange', '#Environment', '#GreenPlanet', '#Pollution', '#GlobalWarming']",['@anil_singh9761']
5,@capt_ranjan_banerjee,21-07-2021,"This gentle man who is blatantly lying on twitter is a renowned historian ü§îü§îhow can I believe him, specially when he himself doesn‚Äôt believe in Hindu religion ü§îüò°üò°üò°üò°Congis perpetually make such people write history to suit their agenda n then brainwash school children at a tender ageü§î @PMOIndia @smritiirani @MGA #pollution #Congress #prestitutes #media #pre-schoollearning",3,"['#pollution', '#Congress', '#prestitutes', '#media', '#pre-schoollearning']",['@Vishal_108']
6,@anil_singh9761,20-07-2021,#Pollution and Petrol Free -Technology Thinking face #Environment,1,"['#Pollution', '#Environment']",['@anil_singh9761']
7,@santoshsinghji,15-07-2021,#UttarPradesh Pollution Control Board (UPPCB) data shows that the #pollution level in the #Yamuna has worsened this year,,"['#UttarPradesh', '#pollution', '#Yamuna']",
8,@anil_singh9761,14-07-2021,"Carbon Craft Design - Turning Carbon Emissions into Sustainable Tiles, We Should Know... Tejas Sidnal  #Environment #Carbon #ClimateChange #GreenPlanet #Wildlife #Pollution
https://wordlnewsupdate.in/2021/07/14/carbon-craft-design-turning-carbon-emissions-into-sustainable-tiles-we-should-know-tejas-sidnal-environment-carbon-climatechange-greenplanet-wildlife-pollution/",1,"['#Environment', '#Carbon', '#ClimateChange', '#GreenPlanet', '#Wildlife', '#Pollution']",['@anil_singh9761']
9,@Pantomathicsantosh,14-07-2021,"#AdManKejriwal The worst performer
& The fraudest ever politician in entire #Politicalfraternity 
He will never talk about #Employment
#Contractteachers #Schooldropouts
#Contractlabours #Pollution 
#Dirtiest #Water #Supply
#Huge loss of #DTC #Jalboard 
Only Politics of #freebies Till how long Kejriwal Ji ‚ÄúThe Ad Master‚Äù will keep wasting the hard earned money of Delhiites. Betrayel with Delhi??",3,"['#AdManKejriwal', '#Politicalfraternity', '#Employment', '#Contractteachers', '#Schooldropouts', '#Contractlabours', '#Pollution', '#Dirtiest', '#Water', '#Supply', '#Huge', '#DTC', '#Jalboard', '#freebies']","['@sandeepreddy9080', '@SHARMA14DELHI']"
10,@IANS,09-07-2021,"The #SupremeCourt on Friday declined to entertain the #Delhi government‚Äôs PIL seeking closure of 10 power plants in Punjab, Haryana and Uttar Pradesh, claiming they contributed majorly to #pollution in the national capital.",7,"['#SupremeCourt', '#Delhi', '#pollution']","['@KRHMATH', '@ponnappa_cheppudira8MV6K']"
11,@humaneleadership,08-07-2021,"#pollution
#health
#Narendramodi
#environment
During April 20 to April 21 most of which was lockdown period Delhi, Mumbai, Chennai Hyderabad Kolkata,Bangalore, Jaipur showed huge increase in pollution from 60 to 120%
When will we breath fresh air?
https://zeenews.india.com/india/greenpeace-report-from-april-2020-and-april-2021-shows-pollution-in-8-indian-cities-rose-at-alarming-rate-2374908.html",,"['#pollution', '#health', '#Narendramodi', '#environment']",['@humaneleadership']
12,@sociostory,08-07-2021,"Delhi recorded an increase of 125 per cent in NO2 (nitrogen dioxide) pollution between April 2020 and April 2021, according to a Greenpeace India study which analysed NO2 concentrations in India‚Äôs eight most-populous state capitals.
#delhi #pollution #airquality #no2level #lockdown #sociostory ",4,"['#delhi', '#pollution', '#airquality', '#no2level', '#lockdown', '#sociostory']",['@adway_rama']
13,@HINDU_RASHTRAWADI,08-07-2021,"Agniras (@i__Mystic) Tweeted:
Do you know the Punjab Preservation of Subsoil Water Act 2009 and Haryana Preservation of Sub-soil Water Act, 2009, are prime reason for #pollution in Delhi during #diwalifestiveseason

Interesting üßê. Read on this small #Thread
https://t.co/WXbqGik7Gp
 https://twitter.com/i__Mystic/status/1325985141739589637?s=20",,"['#pollution', '#diwalifestiveseason', '#Thread']",
14,@pratyush_singh4TDKK,07-07-2021,"Diwali is around 4 months away, Dussehra is around 3 months away but still Delhi reeling with excruciating levels of pollution.

I am waiting that if the ‚Äôcelebrities‚Äô who always lecture us on burning crackers for the sake of ‚Äôenvironment‚Äô have anything to say on this.

Guess they can‚Äôt blame Diwali this time.

#Pollution #Diwali #Kejriwal
 @iyervval",5,"['#Pollution', '#Diwali', '#Kejriwal']",
15,@drrambadari,05-07-2021,"#delhi #pollution
Delhi is back on its feet and with it comes its friend ‚ÄòAir Pollution‚Äò",1,"['#delhi', '#pollution']",
16,@officialgnida,05-07-2021,"We, should try & reduce the #plastic #pollution level. This can be made possible by using #jute bags instead of #plastic bags. As jute is a #biodegradable product & can be recycled in many ways.
#Stopplastic
#GNIDACares",1,"['#plastic', '#pollution', '#jute', '#plastic', '#biodegradable', '#Stopplastic', '#GNIDACares']",
17,@iam_siddharthsomvanshi,04-07-2021,"IMPORTANT! 
Have you heard of FOREVER CHEMICALS and their effect on our body? 

If NO then watch. 
https://youtu.be/WIgLLpcanPM
Don‚Äòt wait for change be the change. Please share with you loved once. We all together can do. 
#nationfirst #swachabharatavhiyan #digitalindia #india #pollution #narendramodi #indian #cleanindia #nature #science #chemicals",1,"['#nationfirst', '#swachabharatavhiyan', '#digitalindia', '#india', '#pollution', '#narendramodi', '#indian', '#cleanindia', '#nature', '#science', '#chemicals']",
18,@tarishisaxena,03-07-2021,what we learn from history is that we learn nothing from history‚Äò #pollution,3,['#pollution'],
19,@VidwathApp,03-07-2021,"International Plastic Bag Free Day is dedicated to raising awareness about the very real and pressing issue of plastic pollution of the environment.

#plasticbagfreeday #plasticfreeforthesea #bag #plasticpollution #Pollution #VidwathApp #VidwathMithra #Vidwath",,"['#plasticbagfreeday', '#plasticfreeforthesea', '#bag', '#plasticpollution', '#Pollution', '#VidwathApp', '#VidwathMithra', '#Vidwath']",
20,@vrikshawali,02-07-2021,"#InternationalPlasticBagFreeDay
Plastic give a helpful hand, but they are polluting our land
#jaipurcity #Environment #Plantation #adoptplant 
‚Äú#Plant more #trees; make the environment #pollution free.‚Äù
https://www.vrikshawali.org/contribute-other.aspx",,"['#InternationalPlasticBagFreeDay', '#jaipurcity', '#Environment', '#Plantation', '#adoptplant', '#Plant', '#trees;', '#pollution']",
21,@mumbaimatterz,30-06-2021,"#Mumbai

Transport the top polluter in city.

#AirPollution
#Pollution
#pollutionfreeplanet",,"['#Mumbai', '#AirPollution', '#Pollution', '#pollutionfreeplanet']",
22,@Avinash_7VS,28-06-2021,Essay Writing on Pollution in English Simple Words #essaywriting  #Pollution #AirPollution #watercrises  #gkwebsite_gk  #gk_in_hindi  #Essayforkids #educationüëç  #educationisarightnotaprivilege  #educationforlife  #EducationADDA #educationforall.  @edu_‡§Æ‡§ø‡§§‡•ç‡§∞ @EDU_BHASKAR @DEBUPATRA @mayank @aprameya @education_point,,"['#essaywriting', '#Pollution', '#AirPollution', '#watercrises', '#gkwebsite_gk', '#gk_in_hindi', '#Essayforkids', '#educationüëç', '#educationisarightnotaprivilege', '#educationforlife', '#EducationADDA', '#educationforall.']",
23,@dipakEQDBP,25-06-2021,"#pollution
We should use cycle for short range works when we can also do that work by walk.make it easy",,['#pollution'],
24,@IANS,23-06-2021,"India rejoiced in the silver lining of clear skies during the #COVID19 resultant #lockdown in 2020 & 2021 but an analysis by New Delhi-based climate communications initiative, Climate Trends showed #pollution levels remained above permissible limits in Delhi and Lucknow.",2,"['#COVID19', '#lockdown', '#pollution']",
25,@newsupdates,23-06-2021,"#WATCH |
 A layer of toxic foam seen floating on the surface of river #Yamuna.

Morning visuals from #Delhi‚Äòs #KalindiKunj 

#River #YamunaRiver #nature #pollution #savenature #greenearth #GoGreen #video #alert #saveearth #GlobalWarming #greenhouseeffect",1,"['#WATCH', '#Yamuna.', '#Delhi‚Äòs', '#KalindiKunj', '#River', '#YamunaRiver', '#nature', '#pollution', '#savenature', '#greenearth', '#GoGreen', '#video', '#alert', '#saveearth', '#GlobalWarming', '#greenhouseeffect']",
26,@dkm1101,23-06-2021,"Can Chemical Recycling Technology Solve the Plastic Pollution Problem?

#Recycling #Pollution #Economy #World #News 
#TechNews",,"['#Recycling', '#Pollution', '#Economy', '#World', '#News', '#TechNews']",
27,@commercenewsguruji,17-06-2021,"Common format for issuance of PUC is notified across the Country.
.
.
.
.
üëáüèªClick on the link belowüëáüèª

#puc #format #road #Transport #Certificate #vehicles #service #document #information #compliance #authority #permit #pollution #Pollutioncontrol #CommerceNewsGuruji",,"['#puc', '#format', '#road', '#Transport', '#Certificate', '#vehicles', '#service', '#document', '#information', '#compliance', '#authority', '#permit', '#pollution', '#Pollutioncontrol', '#CommerceNewsGuruji']",
28,@tcqmedia,13-06-2021,"OUTDOOR POLLUTION DROPS; ALLERGEN LEVELS AT HOMES INCREASES

As Covid restrictions continues across the globe, higher levels of indoor particulate matter can once again be expected, as stated by a study. Outdoor pollution level appeared to drop during Covid-induced periods of lockdown.
#pollution #lockdown #theconsequentials #tcqtheconsequentials

Follow TCQ 
https://instagram.com/theconsequentials",,"['#pollution', '#lockdown', '#theconsequentials', '#tcqtheconsequentials']",
29,@timane,11-06-2021,"Fostering market demand for #green industries

It is important to not only bridge the #demandgap for an optimal transition to green growth, but also create appropriate legal #frameworks to actualise their potential.

#circulareconomy #sustainability  #greenproducts #climatechange  #climateeconomy #energy #carboneconomy #waste #agriculture #greenhouse #emission #pollution #evehicles #cenent",1,"['#green', '#demandgap', '#frameworks', '#circulareconomy', '#sustainability', '#greenproducts', '#climatechange', '#climateeconomy', '#energy', '#carboneconomy', '#waste', '#agriculture', '#greenhouse', '#emission', '#pollution', '#evehicles', '#cenent']","['@circulareconomy', '@timane']"
30,@north.eastern.chronicle,10-06-2021,"#Meghalaya| Unregulated pollution has been a pressing issue in the state of Meghalaya. In a recent incident, residents living near Jaintia Coke Private Limited, a non-government organization listed with the Registrar of Companies in Shillong, have raised matters about unregulated air and water pollution.
#pollution #northeast #tnec",1,"['#Meghalaya|', '#pollution', '#northeast', '#tnec']","['@rahul_mBBMHF', '@VimalKhawas']"
31,@elibran,07-06-2021,"#pollution #seasnot . World , fix yourself before it‚Äòs too late...",,"['#pollution', '#seasnot']",
32,@tarakke,06-06-2021,Simple ways to reduce your carbon footprint at home . #pollution #pollutionfree #pollutioncontrol #carbon #climatechange #environment #sustainability #recycling #ecofriendly #gogreen #plastic #recycle #health,2,"['#pollution', '#pollutionfree', '#pollutioncontrol', '#carbon', '#climatechange', '#environment', '#sustainability', '#recycling', '#ecofriendly', '#gogreen', '#plastic', '#recycle', '#health']",
33,@newsupdates,06-06-2021,"#Delhi | Thick layer of #toxicfoam floats on the surface of #Yamunariver at #KalindiKunj.

Yesterday we celebrated #WorldEnviromentDay & this is what we are seeing today.

#protectearth #gogreen #pollution #savenature #greenearth #nature #environment",,"['#Delhi', '#toxicfoam', '#Yamunariver', '#KalindiKunj.', '#WorldEnviromentDay', '#protectearth', '#gogreen', '#pollution', '#savenature', '#greenearth', '#nature', '#environment']",
34,@asn67,05-06-2021,"#‡§µ‡§ø‡§∂‡•ç‡§µ_‡§™‡§∞‡•ç‡§Ø‡§æ‡§µ‡§∞‡§£_‡§¶‡§ø‡§µ‡§∏ 
#‡§ï‡•Ç #up #UPCM #UPGovt #pollution 
#noisepollution 

Time to take hard action for betterment of citizens and City 
https://m.timesofindia.com/city/lucknow/chowk-most-cacophonous-during-day-charbagh-at-night/amp_articleshow/83247748.cms",,"['#‡§µ‡§ø‡§∂‡•ç‡§µ_‡§™‡§∞‡•ç‡§Ø‡§æ‡§µ‡§∞‡§£_‡§¶‡§ø‡§µ‡§∏', '#‡§ï‡•Ç', '#up', '#UPCM', '#UPGovt', '#pollution', '#noisepollution']",
35,@timane,04-06-2021,"The #Greening Imperative

How Indian #States Are Promoting #Sustainable Industry
‚ñ∂Ô∏è #Wastewater Management
‚ñ∂Ô∏è #Water and #Energy #Conservation
‚ñ∂Ô∏è #Renewable Energy
‚ñ∂Ô∏è #Pollution Control
‚ñ∂Ô∏è Sustainable #IndustrialParks / Clusters

#CircularEconomy #SDGs",1,"['#Greening', '#States', '#Sustainable', '#Wastewater', '#Water', '#Energy', '#Conservation', '#Renewable', '#Pollution', '#IndustrialParks', '#CircularEconomy', '#SDGs']",['@circulareconomy']
36,@theecoempathy,03-06-2021,"Please Plant trees Plant hope üå≥‚ù§üå≥

Help us to Plant Trees üå≥üåçüå≥

#climatechange #environment #nature #sustainability #globalwarming #savetheplanet #climate #ecofriendly #climatecrisis #zerowaste #climateaction #earth #climatechangeisreal #gogreen #sustainable #plasticfree #green #fridaysforfuture #climatestrike #climateemergency #recycle #covid #sustainableliving #climatejustice #pollution #eco",2,"['#climatechange', '#environment', '#nature', '#sustainability', '#globalwarming', '#savetheplanet', '#climate', '#ecofriendly', '#climatecrisis', '#zerowaste', '#climateaction', '#earth', '#climatechangeisreal', '#gogreen', '#sustainable', '#plasticfree', '#green', '#fridaysforfuture', '#climatestrike', '#climateemergency', '#recycle', '#covid', '#sustainableliving', '#climatejustice', '#pollution', '#eco']",
37,@KirtidaEvents,03-06-2021,"‚ÄúNothing compares with the simple pleasure of a bike ride.‚Äú 
~ John F. Kennedy

#WorldBicycleDayüö¥üèª‚Äç‚ôÄÔ∏è üöµüèª‚Äç‚ôÇÔ∏è
The day aims to draw people‚Äòs attention towards the fact that #cycling is a zero #pollution mode of transportation that is good for the #environment.

#‡§ú‡§æ‡§ó‡§§‡§ø‡§ï_‡§∏‡§æ‡§Ø‡§ï‡§≤_‡§¶‡§ø‡§® !!üö≤",,"['#WorldBicycleDayüö¥üèª\u200d‚ôÄÔ∏è', '#cycling', '#pollution', '#environment.', '#‡§ú‡§æ‡§ó‡§§‡§ø‡§ï_‡§∏‡§æ‡§Ø‡§ï‡§≤_‡§¶‡§ø‡§®']",
38,@MeenaLama,03-06-2021,"‚ÄúNothing compares with the simple pleasure of a bike ride.‚Äú 
~ John F. Kennedy

#WorldBicycleDayüö¥üèª‚Äç‚ôÄÔ∏è üöµüèª‚Äç‚ôÇÔ∏è
The day aims to draw people‚Äòs attention towards the fact that #cycling is a zero #pollution mode of transportation that is good for the #environment.

#‡§ú‡§æ‡§ó‡§§‡§ø‡§ï_‡§∏‡§æ‡§Ø‡§ï‡§≤_‡§¶‡§ø‡§® !!üö≤",9,"['#WorldBicycleDayüö¥üèª\u200d‚ôÄÔ∏è', '#cycling', '#pollution', '#environment.', '#‡§ú‡§æ‡§ó‡§§‡§ø‡§ï_‡§∏‡§æ‡§Ø‡§ï‡§≤_‡§¶‡§ø‡§®']",['@KRHMATH']
39,@theecoempathy,03-06-2021,"Listen to Them, If you want to live .

#climatechange #environment #nature #sustainability #globalwarming #savetheplanet #climate #ecofriendly #climatecrisis #zerowaste #climateaction #earth #climatechangeisreal #gogreen #sustainable #plasticfree #green #fridaysforfuture #climatestrike #climateemergency #recycle #covid #sustainableliving #climatejustice #pollution #eco #vegan #gretathunberg #earth",3,"['#climatechange', '#environment', '#nature', '#sustainability', '#globalwarming', '#savetheplanet', '#climate', '#ecofriendly', '#climatecrisis', '#zerowaste', '#climateaction', '#earth', '#climatechangeisreal', '#gogreen', '#sustainable', '#plasticfree', '#green', '#fridaysforfuture', '#climatestrike', '#climateemergency', '#recycle', '#covid', '#sustainableliving', '#climatejustice', '#pollution', '#eco', '#vegan', '#gretathunberg', '#earth']",
40,@theecoempathy,02-06-2021,"Nature‚Äòs Smile

#climatechange #environment #nature #sustainability #globalwarming #savetheplanet #climate #ecofriendly #climatecrisis #zerowaste #climateaction #earth #climatechangeisreal #gogreen #sustainable #plasticfree #green #fridaysforfuture #climatestrike #climateemergency #recycle #covid #sustainableliving #climatejustice #pollution #eco #vegan #gretathunberg #earthday #bhfyp",1,"['#climatechange', '#environment', '#nature', '#sustainability', '#globalwarming', '#savetheplanet', '#climate', '#ecofriendly', '#climatecrisis', '#zerowaste', '#climateaction', '#earth', '#climatechangeisreal', '#gogreen', '#sustainable', '#plasticfree', '#green', '#fridaysforfuture', '#climatestrike', '#climateemergency', '#recycle', '#covid', '#sustainableliving', '#climatejustice', '#pollution', '#eco', '#vegan', '#gretathunberg', '#earthday', '#bhfyp']",
41,@newsupdates,02-06-2021,"DO watch this & share 

#instagram #saveearth #EnvironmentDay #greenearth #GoGreen #pollution #plastic #SavePlanetEarth #MotherEarth #instagram #igtv #watch #share #video #rekoo",,"['#instagram', '#saveearth', '#EnvironmentDay', '#greenearth', '#GoGreen', '#pollution', '#plastic', '#SavePlanetEarth', '#MotherEarth', '#instagram', '#igtv', '#watch', '#share', '#video', '#rekoo']",
42,@adnansami,02-06-2021,"As we approach the #WorldEnvironmentDay let us REIMAGINE. RECREATE. RESTORE our beautiful planet for our future generations. Join us for #GenerationRestoration with #DhartiKaDil @moefccgoi @unep @bhamlafoundation @saherbhamla  #EcosystemRestoration

#staysafe #love #protection #trees #pollution #savetheplanet #children #environment #ecofriendly #savetheplanet #trees #nature #naturelovers ",304,"['#WorldEnvironmentDay', '#GenerationRestoration', '#DhartiKaDil', '#EcosystemRestoration', '#staysafe', '#love', '#protection', '#trees', '#pollution', '#savetheplanet', '#children', '#environment', '#ecofriendly', '#savetheplanet', '#trees', '#nature', '#naturelovers']","['@m4_ved', '@ashok_das1DRJU', '@nagendra.rao', '@drigpal_singh_lodhi', '@maharaj_padora', '@arvindthakore5880', '@pradeep4O964', '@ashok_bholani', '@paddy4', '@iSMishra12', '@sushil_jaiswar', '@ashu6OQ3G', '@nitin_dadhich', '@ink.seeks', '@vivekkumarofficial', '@Shaligram_SinghVXQE', '@Aashish_33D', '@abhaysingh7582', '@raaj7D14J', '@bisjazz', '@GYANESH_KUMAR_JAYASWAL', '@rishikeshwritings', '@littlemissmischief', '@abhishek_kumar9SPC9', '@sanjayAI89K', '@ani_4502', '@rohitsn', '@MonuAbhi', '@D.C_Gupta', '@Rahil_official', '@Rajdeep_Manna']"
43,@truthignite,31-05-2021,"SIX more bodies of suspected COVID-19 victims were found floating in the Ganga in Uttar Pradesh, an official said on Monday.
Fatehpur Sadar Tehsil Sub-Collector (SDM) Pramod Jha said he was informed about the bodies floating in the river on Sunday morning, following which a search operation was launched.
#covidbodiesinganga #pollution #diseasecontrol#covid19 #tjreattoseaspecies #stopdumping #india",4,"['#covidbodiesinganga', '#pollution', '#diseasecontrol#covid19', '#tjreattoseaspecies', '#stopdumping', '#india']","['@firezone', '@RameshS0007']"
44,@theecoempathy,31-05-2021,"A Fiery Past Sheds New Light on the Future of Global Climate Change



#environment #nature #sustainability #climatechange #ecofriendly #savetheplanet #zerowaste #earth #sustainable #gogreen #green #recycle #eco #plasticfree #love #environmentallyfriendly #sustainableliving #photography #globalwarming #climate #pollution #reuse #art #conservation #india #wildlife #naturephotography #covid #ecology",4,"['#environment', '#nature', '#sustainability', '#climatechange', '#ecofriendly', '#savetheplanet', '#zerowaste', '#earth', '#sustainable', '#gogreen', '#green', '#recycle', '#eco', '#plasticfree', '#love', '#environmentallyfriendly', '#sustainableliving', '#photography', '#globalwarming', '#climate', '#pollution', '#reuse', '#art', '#conservation', '#india', '#wildlife', '#naturephotography', '#covid', '#ecology']",
45,@amitgaurav_2000,31-05-2021,#pollution,,['#pollution'],
46,@theecoempathy,30-05-2021,"‚ÄúAway, away, from men and towns,
To the wild wood and the downs, ‚Äî
To the silent wilderness,
Where the soul need not repress its music.


#environment #nature #sustainability #climatechange #ecofriendly #savetheplanet #zerowaste #earth #sustainable #gogreen #green #recycle #eco #plasticfree #love #environmentallyfriendly #sustainableliving #photography #globalwarming #climate #pollution #reuse #ar",5,"['#environment', '#nature', '#sustainability', '#climatechange', '#ecofriendly', '#savetheplanet', '#zerowaste', '#earth', '#sustainable', '#gogreen', '#green', '#recycle', '#eco', '#plasticfree', '#love', '#environmentallyfriendly', '#sustainableliving', '#photography', '#globalwarming', '#climate', '#pollution', '#reuse', '#ar']",
47,@Environmentalist_and_Green_Activist_of_India,30-05-2021,"#TreeTheNatureSolutionüå±üå≥

One TREEüå¥üå≥üåµüå±ü¶ö several stories..
But before planting tree there‚Äòs no story...
The story behind trees...the tree gives us everything for our Life especially..
#SHADEüå≥
#RAINüå≥
#AIR üå≥
Treesüå≥üå± are the vital Role in Ecosystem. As the biggest plants on the planet, they give us Oxygen, store Carbon.
#climatecrises
#Pollution
#climatechanges

#geethikavenkatesn",2,"['#TreeTheNatureSolutionüå±üå≥', '#SHADEüå≥', '#RAINüå≥', '#AIR', '#climatecrises', '#Pollution', '#climatechanges', '#geethikavenkatesn']",
48,@newsupdates,29-05-2021,"#SriLanka‚Äòs top environment body warns and asks people to be vigilant in case of inclement weather. 

There could be slight #acidrains due to the emission of #nitrogendioxide from the #Singapore-flagged cargo ship which caught fire near the #Colombo beach last week.

#greenearth #pollution",,"['#SriLanka‚Äòs', '#acidrains', '#nitrogendioxide', '#Singapore-flagged', '#Colombo', '#greenearth', '#pollution']",
49,@newsupdates,29-05-2021,"#China‚Äôs carbon neutrality goals are under stress on account of soaring #carbonemissions. Greenpeace report says, #electricity consumption from China‚Äôs data centres, #5G base stations could almost #quadruple from 2020 to 2035, which will increase the #carbon emissions.

#pollution #greenearth",,"['#China‚Äôs', '#carbonemissions.', '#electricity', '#5G', '#quadruple', '#carbon', '#pollution', '#greenearth']",['@mehul_shah84B3A']
50,@timesofne,29-05-2021,"Less pollution makes Pathsala town green
#Bajali #Pathsala #environment #pollution #covid19",1,"['#Bajali', '#Pathsala', '#environment', '#pollution', '#covid19']",
51,@newsupdates,29-05-2021,"The #BombayHighCourt has directed the #Maharashtra government to come up with a uniform policy for crematoriums to reduce #pollution from #furnaces, especially for the densely populated cities like #Mumbai, #Pune, #Nagpur and #Aurangabad.

#nature #greenearth #GoGreen",2,"['#BombayHighCourt', '#Maharashtra', '#pollution', '#furnaces,', '#Mumbai,', '#Pune,', '#Nagpur', '#Aurangabad.', '#nature', '#greenearth', '#GoGreen']",
52,@mews.in,28-05-2021,"The authorities say reporting of events is a bit slow during the lockdown and some people are taking advantage of lockdown by constructing these illegal structures. Thousands of FIRs have also been registered against people for these encroachments. Many vehicles carrying construction material were also seized.
#dallake #pollution #lawa",,"['#dallake', '#pollution', '#lawa']",
53,@aqualinebhungru,24-05-2021,CREATION OF PATH AND DOBHAS IN KOLAGHATA WEST BENGAL AREA TO CATCH THE RAIN WHERE IT FALLS THIS IS THE PREPARATION FOR YAS CYCLONE WHICH IS GOING TO HIT WEST BENGAL IN A DAY OR TWO #‡§è‡§ï‡•ç‡§µ‡§æ‡§≤‡§æ‡§á‡§®‡§≠‡•Ç‡§Ç‡§ó‡§∞‡•Å #‡§™‡§æ‡§®‡•Ä‡§ï‡•Ä‡§ñ‡•á‡§§‡•Ä #aqualinebhungru #climatechange #water #conservation #environment #sustainability #cleanwater #globalwarming #pollution Rotary International Ministry of Jal Shakti,,"['#‡§è‡§ï‡•ç‡§µ‡§æ‡§≤‡§æ‡§á‡§®‡§≠‡•Ç‡§Ç‡§ó‡§∞‡•Å', '#‡§™‡§æ‡§®‡•Ä‡§ï‡•Ä‡§ñ‡•á‡§§‡•Ä', '#aqualinebhungru', '#climatechange', '#water', '#conservation', '#environment', '#sustainability', '#cleanwater', '#globalwarming', '#pollution']",
54,@Environmentalist_and_Green_Activist_of_India,20-05-2021,"The young generation need Food, Air, and Water, don‚Äòt destroying the Nature ecological system.Give the life to young and next generation lives Please
#GeethikaVenkatesan
Environmentalist and Green Activist of India
#climatechanges
#Pollution
#climatecrises
#youngwarrior  
#voiceforhumanity",,"['#GeethikaVenkatesan', '#climatechanges', '#Pollution', '#climatecrises', '#youngwarrior', '#voiceforhumanity']",
55,@pratyushranjan,18-05-2021,"#Pollution in cities & within home/office premises is the reason behind high #COVID19 cases in #Mumbai #Delhi #Bengaluru

Dr. Arun Sharma of #ICMR tells me in an EXCLUSIVE Interview

Hindi: 
https://t.co/37u9iya3ee
English: 
https://t.co/JnCV4O7Aoo",2,"['#Pollution', '#COVID19', '#Mumbai', '#Delhi', '#Bengaluru', '#ICMR']",
56,@newsupdates,18-05-2021,"#Karnataka: Dead fish seen floating in #Mottanallurulake in #Anekal of #Bengaluru, due to inflow of effluents and pesticides from surrounding industries and agricultural fields. 

#saveearth #pollution #savenature #greenearth #saveanimals #earth #nature #fish",,"['#Karnataka:', '#Mottanallurulake', '#Anekal', '#Bengaluru,', '#saveearth', '#pollution', '#savenature', '#greenearth', '#saveanimals', '#earth', '#nature', '#fish']",
57,@SikdarSampriti,12-05-2021,#update nearly 100 bodies found floating in Ganga in Uttar Pradesh and Bihar. #GangaRiver #Pollution #DeadBodies #SikdarSampriti #journalistsampriti,4,"['#update', '#GangaRiver', '#Pollution', '#DeadBodies', '#SikdarSampriti', '#journalistsampriti']",
58,@advindhealthcare,09-05-2021,"Advind Healthcare wishes all the beautiful mothers a very Happy Mother‚Äôs Day.

#advindhealthcare #mothersday #happymothersday #mother #india #health #healthcare #healthiswealth #worldhealthorganization #followus #wellprotected #masks #facemask #maskon #india #airpurifier #madeinindia #healthlifestyle  #pollution #airpollution #pollutionmask #healthy",1,"['#advindhealthcare', '#mothersday', '#happymothersday', '#mother', '#india', '#health', '#healthcare', '#healthiswealth', '#worldhealthorganization', '#followus', '#wellprotected', '#masks', '#facemask', '#maskon', '#india', '#airpurifier', '#madeinindia', '#healthlifestyle', '#pollution', '#airpollution', '#pollutionmask', '#healthy']",
59,@eesanjenews,07-05-2021,"‡≤ï‡≥ä‡≤∞‡≥ã‡≤®‡≤æ ‡≤é‡≤´‡≥Ü‡≤ï‡≥ç‡≤ü‡≥ç : ‡≤™‡≤∞‡≤ø‡≤∏‡≤∞‡≤¶‡≤≤‡≥ç‡≤≤‡≤ø ‡≤∂‡≥á.7 ‡≤∞‡≤∑‡≥ç‡≤ü‡≥Å ‡≤ï‡≤°‡≤ø‡≤Æ‡≥Ü‡≤Ø‡≤æ‡≤Ø‡≥ç‡≤§‡≥Å ‡≤Æ‡≤æ‡≤≤‡≤ø‡≤®‡≥ç‡≤Ø..!
https://www.eesanje.com/7-pollution/
#Pollution #AirPollution #Coronavirus  #Covid19 #lockdown",2,"['#Pollution', '#AirPollution', '#Coronavirus', '#Covid19', '#lockdown']",
