@IANS,@airara_suri,{'weight': 1}
@IANS,@shamikaitc,{'weight': 1}
@IANS,@rajesh1876M,{'weight': 1}
@IANS,@KRHMATH,{'weight': 16}
@IANS,@prashantpp,{'weight': 1}
@IANS,@IANS,{'weight': 2}
@IANS,@ram_rajaJS80I,{'weight': 1}
@IANS,@abgupta1508,{'weight': 4}
@IANS,@अशोक_कुमार_भारद्वाज,{'weight': 3}
@IANS,@seetharama_kotari,{'weight': 1}
@IANS,@guest_4MDTT,{'weight': 4}
@IANS,@Sarita_1978,{'weight': 1}
@IANS,@Asthana,{'weight': 1}
@IANS,@uday_surywanshi,{'weight': 1}
@IANS,@KasireddyUDDD,{'weight': 2}
@IANS,@nida968B9,{'weight': 1}
@IANS,@anant_360,{'weight': 1}
@IANS,@nath_koos,{'weight': 1}
@IANS,@A_Shaiva,{'weight': 1}
@IANS,@PurnashaPandit,{'weight': 3}
@IANS,@revolt4cause,{'weight': 2}
@IANS,@malik_21,{'weight': 1}
@IANS,@vikasaptebjp,{'weight': 1}
@IANS,@pradeep4QRD0,{'weight': 1}
@IANS,@vantu_Kumar,{'weight': 1}
@IANS,@queerswingsright,{'weight': 1}
@IANS,@anandabijoy,{'weight': 1}
@IANS,@rkr3C,{'weight': 1}
@airara_suri,@kiren.rijiju,{'weight': 1}
@thenewindianexpress,@nmvrajulu_afso,{'weight': 4}
@thenewindianexpress,@nida968B9,{'weight': 1}
@thenewindianexpress,@सु_बत्रा,{'weight': 2}
@thenewindianexpress,@vipin360,{'weight': 1}
@thenewindianexpress,@भावेश_बोहरा,{'weight': 6}
@thenewindianexpress,@iamayan9,{'weight': 1}
@thenewindianexpress,@अशोक_कुमार_भारद्वाज,{'weight': 1}
@thenewindianexpress,@KRHMATH,{'weight': 3}
@thenewindianexpress,@themanas,{'weight': 1}
@thenewindianexpress,@Dinesh_Pandey_Advocate,{'weight': 4}
@thenewindianexpress,@Partho.chanda,{'weight': 1}
@thenewindianexpress,@shankar6ARB4,{'weight': 1}
@thenewindianexpress,@farhankoo,{'weight': 1}
@thenewindianexpress,@guest_4MDTT,{'weight': 1}
@Urvashi.choudharyy1,@thakurshivam294,{'weight': 1}
@Urvashi.choudharyy1,@ATUL_PRAKASH,{'weight': 1}
@Urvashi.choudharyy1,@guest_N18PA,{'weight': 1}
@thakurshivam294,@kiren.rijiju,{'weight': 1}
@chanakyaforum,@Aman14R1,{'weight': 1}
@chanakyaforum,@ashishsingh0612,{'weight': 1}
@chanakyaforum,@bharat_singh_negiB2Q5S,{'weight': 1}
@chanakyaforum,@bharatdixit,{'weight': 1}
@chanakyaforum,@nikhil_122,{'weight': 1}
@chanakyaforum,@b77ef513de564a5,{'weight': 1}
@chanakyaforum,@bhadrakumar_k_modi_,{'weight': 1}
@chanakyaforum,@Tisee,{'weight': 1}
@ashishsingh0612,@RailMinIndia,{'weight': 1}
@ashishsingh0612,@timesofindia,{'weight': 1}
@ashishsingh0612,@PIB_India,{'weight': 1}
@ashishsingh0612,@SwarajyaMag,{'weight': 1}
@outbreak_india,@EternallyWaiting,{'weight': 9}
@outbreak_india,@Dinesh_Pandey_Advocate,{'weight': 3}
@outbreak_india,@jusclickme,{'weight': 1}
@outbreak_india,@praveen_ahir,{'weight': 1}
@outbreak_india,@humaneleadership,{'weight': 1}
@outbreak_india,@shallakaul,{'weight': 1}
@outbreak_india,@hariLUG5B,{'weight': 1}
@outbreak_india,@Gary_Sheth_,{'weight': 1}
@ndtv,@KSJadaun,{'weight': 1}
@ndtv,@KapilSiff,{'weight': 1}
@ndtv,@संजीव.झा,{'weight': 1}
@ndtv,@shakirLH163,{'weight': 1}
@ndtv,@Hardikvparekh,{'weight': 2}
@ndtv,@KRHMATH,{'weight': 1}
@JournalistSonusharma,@ZeeNews_English,{'weight': 1}
@JournalistSonusharma,@mohfw_india,{'weight': 3}
@JournalistSonusharma,@PIB_India,{'weight': 4}
@JournalistSonusharma,@ecrailway,{'weight': 1}
@jurnovipinchauhan,@Harshitalado,{'weight': 2}
@abplive,@Anik_Sarkar,{'weight': 1}
@abplive,@TK_Roy,{'weight': 1}
@abplive,@KRHMATH,{'weight': 1}
@abplive,@advumangshah,{'weight': 1}
@abplive,@_1116,{'weight': 1}
@Dev_Fadnavis,@mayurmakwana,{'weight': 1}
@Dev_Fadnavis,@mansi_saxena,{'weight': 1}
@Dev_Fadnavis,@Satish_RA,{'weight': 1}
@Dev_Fadnavis,@dilip_verma8P3BB,{'weight': 1}
@Dev_Fadnavis,@manoj_kumarCICLD,{'weight': 1}
@Dev_Fadnavis,@sumitpatil8383,{'weight': 1}
@Dev_Fadnavis,,{'weight': 1}
@mayurmakwana,@mygovindia,{'weight': 1}
@mansi_saxena,@RailMinIndia,{'weight': 1}
@mansi_saxena,@digitalindia,{'weight': 2}
@mansi_saxena,@mohfw_india,{'weight': 15}
@mansi_saxena,@kiren.rijiju,{'weight': 2}
@mansi_saxena,@PIB_India,{'weight': 16}
@mansi_saxena,@arunpudur,{'weight': 1}
@mansi_saxena,@chouhanshivraj,{'weight': 2}
@mansi_saxena,@prakashjavadekar,{'weight': 1}
@mansi_saxena,@himantabiswa,{'weight': 1}
@mansi_saxena,@mygovindia,{'weight': 1}
@manoj_kumarCICLD,@kiren.rijiju,{'weight': 1}
@EternallyWaiting,@RailMinIndia,{'weight': 1}
@EternallyWaiting,@mohfw_india,{'weight': 3}
@EternallyWaiting,@PIB_India,{'weight': 6}
@EternallyWaiting,@niks1630,{'weight': 1}
@EternallyWaiting,@prakashjavadekar,{'weight': 1}
@Dinesh_Pandey_Advocate,@mohfw_india,{'weight': 3}
@jusclickme,@kiren.rijiju,{'weight': 1}
@Kashyap_Vaishnav,@mohanasundaram6OJQG,{'weight': 1}
@Kashyap_Vaishnav,@annataylor,{'weight': 1}
@jkchannelofficial,@umeshtomarmp,{'weight': 2}
@umeshtomarmp,@EastMojo,{'weight': 1}
@umeshtomarmp,@dograjournalist,{'weight': 1}
@umeshtomarmp,@DrTamilisaiGuv,{'weight': 1}
@umeshtomarmp,@PIB_India,{'weight': 1}
@umeshtomarmp,@niks1630,{'weight': 1}
@umeshtomarmp,@himantabiswa,{'weight': 1}
@nmvrajulu_afso,@OneindiaNews,{'weight': 1}
@RailMinIndia,@gourav91cr7,{'weight': 1}
@RailMinIndia,@jairamjd,{'weight': 1}
@RailMinIndia,@serailwaygrc,{'weight': 1}
@RailMinIndia,@nwrailways,{'weight': 1}
@RailMinIndia,@amitendra_nath_dwivedi,{'weight': 1}
@RailMinIndia,@ddu_ecrailway,{'weight': 1}
@RailMinIndia,@ravi_shetty5COMR,{'weight': 1}
@RailMinIndia,@chhagan74,{'weight': 1}
@RailMinIndia,@Shaktikmr3,{'weight': 1}
@RailMinIndia,@KVSC,{'weight': 1}
@RailMinIndia,@DRMHYB,{'weight': 1}
@jairamjd,@PIB_India,{'weight': 2}
@nwrailways,@DRMHYB,{'weight': 1}
@ravi_shetty5COMR,@MoRD_GoI,{'weight': 4}
@ravi_shetty5COMR,@PIB_India,{'weight': 9}
@ravi_shetty5COMR,@mohfw_india,{'weight': 2}
@ravi_shetty5COMR,@prakashjavadekar,{'weight': 1}
@ravi_shetty5COMR,@SudhanshuJiMaharaj,{'weight': 1}
@ravi_shetty5COMR,@alter_ego,{'weight': 1}
@DRMHYB,@scrailwayindia,{'weight': 1}
@anisqureshi,@kura8151,{'weight': 1}
@imayanktiwari,@Lagasrohit,{'weight': 1}
@MOFPI_GOI,@A_Shaiva,{'weight': 1}
@MOFPI_GOI,@VicepresidentBHES,{'weight': 1}
@MOFPI_GOI,@abhi7BIVB,{'weight': 1}
@digitalindia,@SHEKHAR_shekhar_G,{'weight': 2}
@digitalindia,@SANAT_KUMAR_MAHAPATRA,{'weight': 1}
@digitalindia,@jitendra511979,{'weight': 1}
@digitalindia,@SHANI_YADAVB76HK,{'weight': 1}
@digitalindia,@ram_rajaJS80I,{'weight': 1}
@digitalindia,@SURYANARAYANSAHOO,{'weight': 1}
@SHEKHAR_shekhar_G,@Raagz,{'weight': 1}
@SHEKHAR_shekhar_G,@himantabiswa,{'weight': 1}
@jitendra511979,@mohfw_india,{'weight': 2}
@indiatoday,@भावेश_बोहरा,{'weight': 1}
@indiatoday,@KRHMATH,{'weight': 1}
@indiatoday,@N_B_Mishra,{'weight': 1}
@indiatoday,@Mullo_Ki_Gnd_Mare_Poollah,{'weight': 1}
@indiatoday,@Indian_Aborigine,{'weight': 1}
@indiatoday,@SeRaj_SA,{'weight': 1}
@indiatoday,@Hardikvparekh,{'weight': 1}
@भावेश_बोहरा,@chouhanshivraj,{'weight': 1}
@भावेश_बोहरा,@mohfw_india,{'weight': 1}
@KRHMATH,@OneindiaNews,{'weight': 2}
@KRHMATH,@Snewsindia,{'weight': 1}
@KRHMATH,@mohfw_india,{'weight': 1}
@KRHMATH,@vishwash_jain,{'weight': 1}
@KRHMATH,@newsupdates,{'weight': 8}
@KRHMATH,@SwarajyaMag,{'weight': 2}
@KRHMATH,@akkiM33TO,{'weight': 1}
@KRHMATH,@sunnnyy_sharmaa,{'weight': 1}
@KRHMATH,@DrTamilisaiGuv,{'weight': 1}
@KRHMATH,@niks1630,{'weight': 1}
@KRHMATH,@volftv,{'weight': 1}
@KRHMATH,@subhanuroy,{'weight': 1}
@Mullo_Ki_Gnd_Mare_Poollah,@arunpudur,{'weight': 1}
@humaneleadership,@humaneleadership,{'weight': 8}
@humaneleadership,@mohfw_india,{'weight': 1}
@humaneleadership,@Rajesh._Balachandran,{'weight': 1}
@humaneleadership,@vijay_kumar5MCP0,{'weight': 1}
@mohfw_india,@नितेश_bunty,{'weight': 1}
@mohfw_india,@senthil_sindh,{'weight': 2}
@mohfw_india,@vijay_singhAMNNO,{'weight': 2}
@mohfw_india,@akhil_gupta_1,{'weight': 1}
@mohfw_india,@KasireddyUDDD,{'weight': 2}
@mohfw_india,@ajay_kumar_rathi,{'weight': 1}
@mohfw_india,@nssrddelhi,{'weight': 1}
@mohfw_india,@YASMinistry,{'weight': 1}
@mohfw_india,@harish4M0HK,{'weight': 1}
@mohfw_india,@BharatiyaHWWR,{'weight': 1}
@mohfw_india,@ranjit0852,{'weight': 3}
@mohfw_india,@Souravsamnotra,{'weight': 1}
@mohfw_india,@ravibasera,{'weight': 1}
@mohfw_india,@indrabhushan_84,{'weight': 1}
@mohfw_india,@AlokbAM986,{'weight': 1}
@mohfw_india,@Satya_prakash_AwasthiKQV0P,{'weight': 1}
@mohfw_india,@advumangshah,{'weight': 1}
@mohfw_india,@nirmal_jha4I75L,{'weight': 2}
@mohfw_india,@SM_Yadav,{'weight': 1}
@mohfw_india,@Digambar_Jyala,{'weight': 1}
@mohfw_india,@abgupta1508,{'weight': 1}
@mohfw_india,@Rajen_Singh,{'weight': 1}
@mohfw_india,@pkadyanthaya,{'weight': 1}
@mohfw_india,@Jai_KaranHMYE,{'weight': 1}
@mohfw_india,@Exploradven,{'weight': 1}
@mohfw_india,@vinamramr,{'weight': 1}
@mohfw_india,@vivek_raghav_pandey,{'weight': 1}
@mohfw_india,@अमन_आर्यन_भारद्वाज,{'weight': 1}
@mohfw_india,@shiva_2023,{'weight': 1}
@mohfw_india,@arun_shukla7K5IF,{'weight': 1}
@mohfw_india,@guest_D6CS3,{'weight': 1}
@mohfw_india,@pradeep4O964,{'weight': 1}
@mohfw_india,@pradeep4QRD0,{'weight': 1}
@mohfw_india,@dipak_bjp,{'weight': 1}
@mohfw_india,@Sanjeev_Chandel,{'weight': 1}
@mohfw_india,@सिद्धार्थ_द्विवेदी,{'weight': 1}
@mohfw_india,@SANTOSH_Santosh_29,{'weight': 1}
@mohfw_india,@Tathastu,{'weight': 1}
@mohfw_india,@Baishali6271,{'weight': 1}
@mohfw_india,@Jyotishankar_Raychaudhuri,{'weight': 1}
@mohfw_india,@alok_krR,{'weight': 1}
@mohfw_india,@Shashank_IndiaFirst,{'weight': 1}
@mohfw_india,@namanD0EL1,{'weight': 1}
@mohfw_india,@Okay.,{'weight': 1}
@mohfw_india,@harshad__,{'weight': 1}
@mohfw_india,@Yogeshtaunk,{'weight': 1}
@mohfw_india,@chitranjan,{'weight': 1}
@mohfw_india,@Jahaha,{'weight': 1}
@mohfw_india,@shailesh_patelBAHIT,{'weight': 1}
@mohfw_india,@kalyanshettar,{'weight': 1}
@mohfw_india,@sanjuanipandit,{'weight': 1}
@mohfw_india,@m_kumar5BI4S,{'weight': 1}
@mohfw_india,@sagarODISHA,{'weight': 1}
@OneindiaNews,@sudip_bera,{'weight': 1}
@OneindiaNews,@Satya_prakash_AwasthiKQV0P,{'weight': 1}
@OneindiaNews,@Girish_Jois,{'weight': 2}
@OneindiaNews,@atharLB7HT,{'weight': 1}
@Snewsindia,@bose99,{'weight': 1}
@Snewsindia,@realsources,{'weight': 1}
@Snewsindia,@ठंडा,{'weight': 1}
@Snewsindia,@sajiL405K,{'weight': 2}
@Snewsindia,@udaani,{'weight': 1}
@Snewsindia,@tirupati2204,{'weight': 1}
@Snewsindia,@pradeep4O964,{'weight': 1}
@Snewsindia,@mandeep4266,{'weight': 1}
@Snewsindia,@skumars554UH,{'weight': 3}
@Snewsindia,@Sahajram_Yadav,{'weight': 1}
@Snewsindia,@Snewsindia,{'weight': 1}
@bose99,@kiren.rijiju,{'weight': 1}
@newsupdates,@raj_pandey6PG46,{'weight': 1}
@newsupdates,@sharma_sharma24,{'weight': 1}
@newsupdates,@ind_ank,{'weight': 1}
@newsupdates,@ardian,{'weight': 1}
@newsupdates,@lotus1COIO,{'weight': 1}
@newsupdates,@bhojaraj_cn,{'weight': 1}
@newsupdates,@sudip_bera,{'weight': 1}
@editorji,@ssankesara,{'weight': 1}
@Techgecs,@Techgecs,{'weight': 1}
@nd24_news,@Gary_Sheth_,{'weight': 1}
@senthil_sindh,@pbns_india,{'weight': 1}
@senthil_sindh,@himantabiswa,{'weight': 1}
@senthil_sindh,@kishanreddybjp,{'weight': 1}
@Mitesh3315,@sanjay77PS4,{'weight': 1}
@CAKishanSinghaniaCUIX,@CAKishanSinghaniaCUIX,{'weight': 1}
@kiren.rijiju,@hemakishoresinha,{'weight': 1}
@kiren.rijiju,@rac_kum,{'weight': 1}
@kiren.rijiju,@deep2050,{'weight': 1}
@kiren.rijiju,@rajendra2004,{'weight': 1}
@kiren.rijiju,@ashok_kumar_pgt_bio.,{'weight': 1}
@kiren.rijiju,@guest4KUHO,{'weight': 1}
@kiren.rijiju,@harish4M0HK,{'weight': 2}
@kiren.rijiju,@amit_iitp,{'weight': 1}
@kiren.rijiju,@followthylead,{'weight': 1}
@kiren.rijiju,@udaikumarm,{'weight': 1}
@kiren.rijiju,@tirupatirao_sanapala,{'weight': 1}
@kiren.rijiju,@pradeep4O964,{'weight': 1}
@kiren.rijiju,@seetharama_kotari,{'weight': 1}
@kiren.rijiju,@imssk,{'weight': 1}
@kiren.rijiju,@kalyanshettar,{'weight': 1}
@kiren.rijiju,@parthapratim_bagchi_its_just_divine,{'weight': 1}
@kiren.rijiju,@sudip_bera,{'weight': 1}
@kiren.rijiju,@Vinodh_HIQY,{'weight': 1}
@kiren.rijiju,@vvk_sp,{'weight': 1}
@kiren.rijiju,@_velum_,{'weight': 1}
@kiren.rijiju,@raj_pandey6PG46,{'weight': 1}
@kiren.rijiju,@ASHISH_MOHANTI,{'weight': 1}
@kiren.rijiju,@Sandeep_Athane_Jain,{'weight': 1}
@kiren.rijiju,@श्रीसमुद्रगुप्त,{'weight': 1}
@kiren.rijiju,@arunwalie,{'weight': 1}
@kiren.rijiju,@ndsolanki,{'weight': 1}
@kiren.rijiju,@nitin55C25,{'weight': 1}
@kiren.rijiju,@darsan_halan,{'weight': 1}
@kiren.rijiju,@Jaanvi_3KE,{'weight': 1}
@kiren.rijiju,@SAROHA_PARVEEN,{'weight': 1}
@kiren.rijiju,@sidh_online,{'weight': 1}
@kiren.rijiju,@Narinder_Snat,{'weight': 1}
@kiren.rijiju,@nvmurti,{'weight': 1}
@kiren.rijiju,@ashidham,{'weight': 1}
@kiren.rijiju,@ரத்னகணபதி,{'weight': 1}
@kiren.rijiju,@mallik.hyd,{'weight': 1}
@kiren.rijiju,@संध्या6NE2N,{'weight': 1}
@kiren.rijiju,@M_A_U_L_I_K,{'weight': 1}
@kiren.rijiju,@subrata_dey6U3QS,{'weight': 1}
@kiren.rijiju,@Dawarkesh,{'weight': 1}
@kiren.rijiju,@Suchitra_Shenoi.,{'weight': 1}
@kiren.rijiju,@rajagopalChennai,{'weight': 1}
@kiren.rijiju,@ankur_sharma7F0CE,{'weight': 1}
@kiren.rijiju,@ranjan_srivastava7QNIJ,{'weight': 1}
@kiren.rijiju,@kishan_kannaiah,{'weight': 1}
@kiren.rijiju,@ashok_jainU4MA,{'weight': 1}
@kiren.rijiju,@anandchoudhary,{'weight': 1}
@kiren.rijiju,@guest_4MDTT,{'weight': 1}
@kiren.rijiju,@aditya777,{'weight': 1}
@kiren.rijiju,@abhaychoubey,{'weight': 1}
@kiren.rijiju,@nitin_joshi80,{'weight': 1}
@kiren.rijiju,@pradeep4QRD0,{'weight': 1}
@kiren.rijiju,@ghoshbabooo,{'weight': 1}
@kiren.rijiju,@PRAKASH_S33,{'weight': 1}
@kiren.rijiju,@Koo_Media,{'weight': 1}
@kiren.rijiju,@k_v_haridas,{'weight': 1}
@kiren.rijiju,@Shiv_shivpathak2I,{'weight': 1}
@kiren.rijiju,@Gautam1956,{'weight': 1}
@kiren.rijiju,@SANTOSH_Santosh_29,{'weight': 1}
@kiren.rijiju,@ranjit0852,{'weight': 1}
@kiren.rijiju,@Hemant_tiwari_,{'weight': 1}
@kiren.rijiju,@kiren.rijiju,{'weight': 1}
@kiren.rijiju,@neeraj_kumar9A63J,{'weight': 1}
@kiren.rijiju,@dupretiRS,{'weight': 1}
@kiren.rijiju,@प्रदीप_कुमार_रोज_,{'weight': 1}
@kiren.rijiju,@vipin_yadavHIB95,{'weight': 1}
@kiren.rijiju,@bjpjilla.karyakarni.,{'weight': 1}
@kiren.rijiju,@navintiwari02,{'weight': 1}
@harish4M0HK,@chouhanshivraj,{'weight': 2}
@harish4M0HK,@mansukhmandviya,{'weight': 1}
@harish4M0HK,@PIB_India,{'weight': 1}
@pradeep4O964,@airnewsalerts,{'weight': 1}
@pradeep4O964,@PIB_India,{'weight': 2}
@pradeep4O964,@prakashjavadekar,{'weight': 1}
@pradeep4O964,@himantabiswa,{'weight': 1}
@seetharama_kotari,@swapnilurade20,{'weight': 1}
@seetharama_kotari,@himantabiswa,{'weight': 1}
@kalyanshettar,@alter_ego,{'weight': 1}
@kalyanshettar,@prakashjavadekar,{'weight': 1}
@kalyanshettar,@himantabiswa,{'weight': 1}
@sudip_bera,@kishanreddybjp,{'weight': 1}
@sudip_bera,@sudip_bera,{'weight': 3}
@sudip_bera,@Sudip_Bera5619,{'weight': 6}
@sudip_bera,@gaganpreet,{'weight': 1}
@sudip_bera,@mansukhmandviya,{'weight': 1}
@sudip_bera,@Souravranjanbohidar,{'weight': 1}
@sudip_bera,@The_Copywriter,{'weight': 1}
@sudip_bera,@kumarIL7LF,{'weight': 1}
@sudip_bera,@ranjit.manhas,{'weight': 1}
@sudip_bera,@scorpionshot,{'weight': 1}
@sudip_bera,@Peacefulearth,{'weight': 1}
@sudip_bera,@Santu_bera4588,{'weight': 1}
@vvk_sp,@pbns_india,{'weight': 1}
@raj_pandey6PG46,@alter_ego,{'weight': 1}
@raj_pandey6PG46,@pbns_india,{'weight': 2}
@raj_pandey6PG46,@investindia,{'weight': 1}
@Narinder_Snat,@anirbanbh,{'weight': 1}
@ரத்னகணபதி,@vinushareddy,{'weight': 1}
@ankur_sharma7F0CE,@prakashjavadekar,{'weight': 1}
@alter_ego,@himachli.hem,{'weight': 1}
@alter_ego,@simplyhuman,{'weight': 1}
@alter_ego,@ravya0710,{'weight': 2}
@alter_ego,@Murali_Krishna_G,{'weight': 1}
@alter_ego,@rahulps108,{'weight': 1}
@alter_ego,@n._periasamy,{'weight': 1}
@alter_ego,@mona7IT6N,{'weight': 1}
@alter_ego,@goverdhanL7R6I,{'weight': 1}
@alter_ego,@alter_ego,{'weight': 3}
@alter_ego,@meetnithin,{'weight': 1}
@alter_ego,@indian687DK,{'weight': 1}
@alter_ego,@bharuK3V2F,{'weight': 1}
@alter_ego,@abgupta1508,{'weight': 1}
@alter_ego,@kirito,{'weight': 1}
@alter_ego,@divakar_kotian,{'weight': 1}
@alter_ego,@krishna70IUH,{'weight': 2}
@alter_ego,@Girish_Jois,{'weight': 1}
@alter_ego,@Garvit_Bhartiya_JaiHind,{'weight': 1}
@alter_ego,@الهندية,{'weight': 1}
@alter_ego,@_President_Rule_In_West_Bengal,{'weight': 2}
@alter_ego,@gopalakrishnanjufb,{'weight': 1}
@alter_ego,@Indian4nf0o,{'weight': 1}
@alter_ego,@pradeep4QRD0,{'weight': 1}
@alter_ego,@guest_4MDTT,{'weight': 1}
@alter_ego,@अशोक_कुमार_भारद्वाज,{'weight': 1}
@alter_ego,@prasenjeet_barua,{'weight': 1}
@alter_ego,@firezone,{'weight': 1}
@alter_ego,@Saluja_S_K,{'weight': 1}
@raghav_infotainment,@Vote4Sanatan,{'weight': 1}
@Vote4Sanatan,@prathikLNEHM,{'weight': 1}
@Vote4Sanatan,@sinhakaran,{'weight': 1}
@kishanreddybjp,@policyman99,{'weight': 1}
@kishanreddybjp,@saikrishna_sandiri,{'weight': 1}
@kishanreddybjp,@sivanag92,{'weight': 1}
@kishanreddybjp,@Rahul_SharmaBJP,{'weight': 2}
@kishanreddybjp,@guest_8ODV7,{'weight': 1}
@kishanreddybjp,@SanjayKumarLWBB,{'weight': 1}
@kishanreddybjp,@prathyushakr,{'weight': 1}
@kishanreddybjp,@vipinHORM3,{'weight': 1}
@kishanreddybjp,@rajubusa,{'weight': 2}
@kishanreddybjp,@vishnuHU4JJ,{'weight': 1}
@kishanreddybjp,@reddy516GE,{'weight': 1}
@kishanreddybjp,@kumar6RUTG,{'weight': 1}
@SanjayKumarLWBB,@airnewsalerts,{'weight': 1}
@SanjayKumarLWBB,@kk,{'weight': 1}
@airnewsalerts,@Digambar_Jyala,{'weight': 1}
@airnewsalerts,@nikhil_122,{'weight': 1}
@airnewsalerts,@rachit4GTNG,{'weight': 1}
@airnewsalerts,@bk_sharma4LCQH,{'weight': 1}
@airnewsalerts,@chandrika41,{'weight': 1}
@airnewsalerts,@suresh_poduval,{'weight': 1}
@airnewsalerts,@Pokala_Devender,{'weight': 1}
@airnewsalerts,@anant_360,{'weight': 1}
@nikhil_122,@himantabiswa,{'weight': 1}
@rachit4GTNG,@himantabiswa,{'weight': 1}
@DC_Faridabad,@m_kumar5BI4S,{'weight': 1}
@dite_up,@राष्ट्रवादी०४,{'weight': 1}
@dite_up,@जय_हिन्दB1P7U,{'weight': 1}
@volftv,@rahulps108,{'weight': 1}
@volftv,@aniket_bhat,{'weight': 1}
@volftv,@hold_my_icetea,{'weight': 1}
@gban10,@timesofindia,{'weight': 1}
@timesofindia,@revolt4cause,{'weight': 1}
@timesofindia,@rajat1991,{'weight': 1}
@timesofindia,@patanjalijha11,{'weight': 1}
@timesofindia,@Kesri,{'weight': 1}
@timesofindia,@krishanjee,{'weight': 1}
@timesofindia,@sivakumarGOPQS,{'weight': 1}
@timesofindia,@swatiIQ0P2,{'weight': 1}
@timesofindia,@nath_koos,{'weight': 1}
@timesofindia,@manoj_sepat,{'weight': 2}
@timesofindia,@drmangeshhedau,{'weight': 1}
@timesofindia,@ambaniltrigunayat,{'weight': 1}
@timesofindia,@sraghavachari,{'weight': 1}
@timesofindia,@BikashKumar.,{'weight': 1}
@timesofindia,@RockShailu,{'weight': 1}
@timesofindia,@Tanu_Kapoor,{'weight': 1}
@timesofindia,@goverdhanL7R6I,{'weight': 1}
@nssrddelhi,@PIB_India,{'weight': 6}
@anirbanbh,@sriramj,{'weight': 1}
@nida968B9,@nida968B9,{'weight': 1}
@revolt4cause,@arunpudur,{'weight': 1}
@revolt4cause,@ecrailway,{'weight': 1}
@travelnindia,@SANTOSH_Santosh_29,{'weight': 1}
@राष्ट्रवादी०४,@prakashjavadekar,{'weight': 1}
@TOISports,@Satya_prakash_AwasthiKQV0P,{'weight': 1}
@ZeeNews_English,@minute_News,{'weight': 2}
@ZeeNews_English,@devinder_kumarDG369,{'weight': 1}
@vishwash_jain,@raj_kumar4IU48,{'weight': 1}
@vishwash_jain,@Suresh_Ruparel,{'weight': 1}
@vishwash_jain,@gopalakrishnanjufb,{'weight': 1}
@PIB_India,@m_kumar5BI4S,{'weight': 1}
@PIB_India,@Sayandeep_Real,{'weight': 1}
@PIB_India,@kaustubh_shukla,{'weight': 1}
@PIB_India,@sethircno,{'weight': 1}
@PIB_India,@realsaurabh1991,{'weight': 2}
@PIB_India,@abgupta1508,{'weight': 1}
@PIB_India,@PurnashaPandit,{'weight': 1}
@PIB_India,@shubhamBTJJ9,{'weight': 1}
@PIB_India,@advumangshah,{'weight': 1}
@PIB_India,@sunilkumarratnakar,{'weight': 1}
@PIB_India,@ssomvanshi,{'weight': 1}
@PIB_India,@sanjaybpcl,{'weight': 1}
@PIB_India,@sanjayAI89K,{'weight': 1}
@PIB_India,@Sekar_991,{'weight': 2}
@PIB_India,@vishwanathkotian,{'weight': 1}
@PIB_India,@bhadrakumar_k_modi_,{'weight': 2}
@PIB_India,@aman_guptaB7624,{'weight': 1}
@PIB_India,@namanD0EL1,{'weight': 1}
@PIB_India,@Sahajram_Yadav,{'weight': 1}
@PIB_India,@trvlhimalayas,{'weight': 1}
@PIB_India,@thatsaadytya,{'weight': 1}
@PIB_India,@Nyksvijayawada,{'weight': 1}
@PIB_India,@bharatiya,{'weight': 2}
@PIB_India,@ca.varun,{'weight': 1}
@PIB_India,@pavamanacs,{'weight': 1}
@PIB_India,@ankit_tyagi7SHPJ,{'weight': 1}
@PIB_India,@bhaswar,{'weight': 1}
@PIB_India,@physioneelu,{'weight': 1}
@PIB_India,@shubhamrajBJP,{'weight': 1}
@m_kumar5BI4S,@chouhanshivraj,{'weight': 1}
@m_kumar5BI4S,@prakashjavadekar,{'weight': 1}
@m_kumar5BI4S,@mygovindia,{'weight': 1}
@Raagz,@Heena_Rampal,{'weight': 1}
@vipin360,@Susmita70,{'weight': 1}
@mansukhmandviya,@jitendra_lathiya,{'weight': 1}
@mansukhmandviya,@Anithaa_Madala,{'weight': 1}
@mansukhmandviya,@Aakash_Dhiman,{'weight': 1}
@mansukhmandviya,@munmun07,{'weight': 1}
@mansukhmandviya,@अक्षय43,{'weight': 1}
@mansukhmandviya,@vivek0505,{'weight': 1}
@mansukhmandviya,@dahal_qiran,{'weight': 1}
@mansukhmandviya,@sushil_bedre,{'weight': 1}
@mansukhmandviya,@The_Kingdom,{'weight': 1}
@mansukhmandviya,@PratikBJP_,{'weight': 1}
@mansukhmandviya,@bhaveshpatar,{'weight': 1}
@mansukhmandviya,@abhi7BIVB,{'weight': 1}
@mansukhmandviya,@Rashtraprem,{'weight': 1}
@mansukhmandviya,@sruthy_vijayan,{'weight': 1}
@mansukhmandviya,@Sharmaji170497,{'weight': 1}
@mansukhmandviya,@sharan9088,{'weight': 1}
@mansukhmandviya,@arushi13sharma,{'weight': 1}
@ArpitaAcharya,@drugcarts,{'weight': 1}
@arunpudur,@soumyadeep_5,{'weight': 1}
@arunpudur,@raja_1189,{'weight': 1}
@arunpudur,@pradeep4QRD0,{'weight': 1}
@arunpudur,@DushyantWarhekar,{'weight': 1}
@arunpudur,@Krishna_08,{'weight': 1}
@arunpudur,@jayantaL0TOF,{'weight': 1}
@raja_1189,@SwarajyaMag,{'weight': 3}
@pradeep4QRD0,@prakashjavadekar,{'weight': 1}
@pradeep4QRD0,@Deepoosphilia,{'weight': 1}
@pradeep4QRD0,@bandisanjay_bjp,{'weight': 1}
@pradeep4QRD0,@himantabiswa,{'weight': 1}
@yoDaksh_Rohak555,@ash_98,{'weight': 1}
@dograjournalist,@Jeeten_Malhotra6666,{'weight': 1}
@Jeeten_Malhotra6666,@pn_singh,{'weight': 1}
@Jeeten_Malhotra6666,@Ayush_Suryavanshi,{'weight': 1}
@pbns_india,@ashok_jainU4MA,{'weight': 1}
@pbns_india,@सूर्यवीर_सिंह_शक्तावत,{'weight': 1}
@pbns_india,@Pravesh_Kumar_Gaur,{'weight': 1}
@pbns_india,@PurnashaPandit,{'weight': 2}
@pbns_india,@Koo_Media,{'weight': 4}
@tridibbordoloi,@js_koo,{'weight': 3}
@js_koo,@sareenamar,{'weight': 2}
@abgupta1508,@AsianetNewsable,{'weight': 1}
@gyanwani,@vishwanathkotian,{'weight': 1}
@gyanwani,@Partho.chanda,{'weight': 1}
@gyanwani,@n._periasamy,{'weight': 1}
@अशोक_कुमार_भारद्वाज,@north.eastern.chronicle,{'weight': 1}
@investindia,@razive,{'weight': 1}
@investindia,@Seti.pipenbahar,{'weight': 1}
@investindia,@om_nama_shivaya,{'weight': 1}
@ParakramNews,@Sarita_1978,{'weight': 1}
@ParakramNews,@ashishUK,{'weight': 1}
@ParakramNews,@Indian4nf0o,{'weight': 1}
@ravirajhosur,@raj69,{'weight': 5}
@ravirajhosur,@n._periasamy,{'weight': 1}
@ravirajhosur,@महेश_ध्रुव_समाजसेवी_व_चिंतक_सर्वांगीण_विकास_को_तत्पर।,{'weight': 1}
@chouhanshivraj,@dinesh_singh_jat,{'weight': 1}
@chouhanshivraj,@sujeet_kumar_bjp,{'weight': 1}
@chouhanshivraj,@Praduman4bjp,{'weight': 1}
@chouhanshivraj,@guest_4MDTT,{'weight': 1}
@chouhanshivraj,@nitin_joshi80,{'weight': 1}
@chouhanshivraj,@ranjeet_kumar58B0V,{'weight': 2}
@chouhanshivraj,@arpitimsr,{'weight': 1}
@chouhanshivraj,@geeta_kapil,{'weight': 1}
@chouhanshivraj,@Avinash_Kookray,{'weight': 1}
@chouhanshivraj,@बिलकुल_Sahi,{'weight': 2}
@chouhanshivraj,@Mahesh_singh_Panwar,{'weight': 1}
@chouhanshivraj,@प्रहलाद_शर्माKICAE,{'weight': 1}
@chouhanshivraj,@lokesh_anjana,{'weight': 1}
@chouhanshivraj,@राष्ट्रवादीभाजप,{'weight': 1}
@chouhanshivraj,@navneet0607,{'weight': 1}
@chouhanshivraj,@vinamramr,{'weight': 1}
@chouhanshivraj,@abhi7BIVB,{'weight': 1}
@chouhanshivraj,@guest_B6FEI,{'weight': 1}
@chouhanshivraj,@namanD0EL1,{'weight': 1}
@guest_4MDTT,@SwarajyaMag,{'weight': 1}
@guest_4MDTT,@hci_ottawa,{'weight': 1}
@ranjeet_kumar58B0V,@prakashjavadekar,{'weight': 1}
@Suresh_Kumar_Kaushik,@vidyadhar_,{'weight': 1}
@SwarajyaMag,@cabhijeeth,{'weight': 4}
@SwarajyaMag,@mohanasundaram6OJQG,{'weight': 1}
@SwarajyaMag,@الهندية,{'weight': 1}
@SwarajyaMag,@hariLUG5B,{'weight': 1}
@munmun07,@Deepoosphilia,{'weight': 1}
@Rashtraprem,@PIBFactCheck,{'weight': 1}
@Sharmaji170497,@aaakashvermaaa,{'weight': 1}
@navneet0607,@AsianetNewsable,{'weight': 1}
@shivneettrehan,@prakashjavadekar,{'weight': 1}
@annataylor,@JKT1984,{'weight': 1}
@JKT1984,@vivekbajpai,{'weight': 1}
@jitesh_kumar62,@SudhanshuJiMaharaj,{'weight': 1}
@Rajesh._Balachandran,@renash,{'weight': 1}
@vijay_kumar5MCP0,@prakashjavadekar,{'weight': 1}
@BN_Adhikari,,{'weight': 1}
@praveen_ahir,@himantabiswa,{'weight': 1}
@ashishUK,@scorpionshot,{'weight': 1}
@gautamdotcom,@onlineshoppe,{'weight': 1}
@gautamdotcom,@rituJKD39,{'weight': 1}
@scorpionshot,@scorpionshot,{'weight': 3}
@scorpionshot,@Saluja_S_K,{'weight': 1}
,@shock_wave,{'weight': 1}
,@FreedomPressIND,{'weight': 1}
@anant_360,@shree24,{'weight': 1}
@anant_360,@anant_360,{'weight': 1}
@anant_360,@Seti.pipenbahar,{'weight': 1}
@anant_360,@Susmita70,{'weight': 1}
@aockerarun,@aditya_nair,{'weight': 1}
@bharatvarsh2day,@since_1998_98,{'weight': 1}
@RamkisanjattAirmen,@ZEAL_EDUCATION,{'weight': 1}
@RayateTushar,@imah_anand,{'weight': 1}
@aditya_nair,@kusum_lata_thakur,{'weight': 1}
@aditya_nair,@prakashjavadekar,{'weight': 1}
@PurnashaPandit,@Toponkumargogoi,{'weight': 1}
@AnirCareer,@balasubramanian_velayutham,{'weight': 1}
@AnirCareer,@shree24,{'weight': 1}
@AnirCareer,@CSSG,{'weight': 1}
@AnirCareer,@App1,{'weight': 1}
@CSSG,@prakashjavadekar,{'weight': 1}
@नीहार,@Indian4nf0o,{'weight': 1}
@Murali_Krishna_G,@mygovindia,{'weight': 1}
@akkiM33TO,@sagar92sharma,{'weight': 1}
@sagar92sharma,@h4hulk,{'weight': 1}
@sagar92sharma,@rajmirdha,{'weight': 1}
@PIBFactCheck,@mabhay,{'weight': 1}
@goverdhanL7R6I,@north.eastern.chronicle,{'weight': 1}
@realsaurabh1991,@prakashjavadekar,{'weight': 1}
@NSSChennai,@NSSRDChandigarh,{'weight': 2}
@SANTOSH_Santosh_29,@rashmipitre,{'weight': 1}
@DrTamilisaiGuv,@BJYMPerumalcdm,{'weight': 1}
@DrTamilisaiGuv,@birender_singh46,{'weight': 2}
@DrTamilisaiGuv,@Ranjeeth_Reddy,{'weight': 1}
@DrTamilisaiGuv,@gopalakrishnanjufb,{'weight': 1}
@DrTamilisaiGuv,@MAHESH_SAM,{'weight': 1}
@DrTamilisaiGuv,@kumar6RUTG,{'weight': 1}
@renash,@bhadrakumar_k_modi_,{'weight': 1}
@renash,@dr.resh,{'weight': 1}
@kusum_lata_thakur,@nikkiEA5HE,{'weight': 3}
@kusum_lata_thakur,@Purvi_Chamundi,{'weight': 4}
@kusum_lata_thakur,@Starseed,{'weight': 2}
@Chinni1531,@Chinni1531,{'weight': 1}
@AsianetNewsable,@vikaslaghate,{'weight': 1}
@AsianetNewsable,@pk108,{'weight': 1}
@Seti.pipenbahar,@bhandaru,{'weight': 1}
@Satya_prakash_AwasthiKQV0P,@Sansad_TV,{'weight': 1}
@vishwanathkotian,@prakashjavadekar,{'weight': 1}
@Urvashi_Khona,@Urvashi_Khona,{'weight': 1}
@zoy007,@zoy007,{'weight': 8}
@zoy007,@lostwarrior,{'weight': 1}
@rs_rajender,@sickular1515,{'weight': 1}
@rs_rajender,@indian687DK,{'weight': 1}
@rs_rajender,@srajendraji,{'weight': 1}
@sanjayAI89K,@prakashjavadekar,{'weight': 1}
@lenin_raghuvanshi,@adv_nitin_gupta,{'weight': 1}
@srivaa,@Indian_rg8,{'weight': 1}
@prakashjavadekar,@akash_narayan_sahu,{'weight': 1}
@prakashjavadekar,@Ramesh_Vaghani72,{'weight': 1}
@prakashjavadekar,@akshaychandorkar,{'weight': 1}
@prakashjavadekar,@NavdeepsethiIVAC,{'weight': 1}
@prakashjavadekar,@theengineer,{'weight': 1}
@prakashjavadekar,@ganesh1965,{'weight': 1}
@prakashjavadekar,@bhadrakumar_k_modi_,{'weight': 1}
@prakashjavadekar,@ravindra.yadav,{'weight': 1}
@prakashjavadekar,@hipal2021,{'weight': 1}
@prakashjavadekar,@suman_ramesh,{'weight': 1}
@prakashjavadekar,@Babul_Ghosh,{'weight': 1}
@prakashjavadekar,@bhushan6J4EV,{'weight': 1}
@prakashjavadekar,@tanooja.j,{'weight': 1}
@prakashjavadekar,@NikhilSoni29,{'weight': 1}
@prakashjavadekar,@AshokKumarJaganathanKNVU,{'weight': 1}
@prakashjavadekar,@hiren_patel_182002,{'weight': 1}
@prakashjavadekar,@amit9CPQC,{'weight': 1}
@prakashjavadekar,@shailesh_patelBAHIT,{'weight': 1}
@prakashjavadekar,@Dr._Lakhyajit_Bhuyan,{'weight': 1}
@prakashjavadekar,@DrThinkTank,{'weight': 1}
@prakashjavadekar,@KarthickBalamurugan,{'weight': 1}
@prakashjavadekar,@Dr_Rohit_Shrivastava,{'weight': 1}
@prakashjavadekar,@Rajendradutta,{'weight': 1}
@prakashjavadekar,@ankitazade,{'weight': 1}
@prakashjavadekar,@subhash_kumar541T91970,{'weight': 1}
@bhadrakumar_k_modi_,@vijay_nakhasi,{'weight': 1}
@tanooja.j,@mygovindia,{'weight': 1}
@Peacefulearth,@theindiasaga,{'weight': 1}
@Peacefulearth,@himantabiswa,{'weight': 1}
@Sansad_TV,@Jingoistic_,{'weight': 1}
@shankar6ARB4,@himantabiswa,{'weight': 1}
@rajmirdha,@श्रीकान्त_दूबे,{'weight': 1}
@rajmirdha,@raj.1972,{'weight': 1}
@rajmirdha,@विजय_कुमार810UM,{'weight': 1}
@rajmirdha,@rajmirdha,{'weight': 1}
@JournalistRafi,@sanjitha_vijaykumar,{'weight': 1}
@JournalistRafi,@msinghEVR1G,{'weight': 1}
@abhaychoubey,@himantabiswa,{'weight': 1}
@rashmipitre,@Subhash_Dahiya,{'weight': 1}
@rashmipitre,@italian_pappu_khan,{'weight': 1}
@Orwellian,@sanjai_kumar_tiwari,{'weight': 1}
@Orwellian,@apt2koo,{'weight': 1}
@officialrajesh,@Raghbirlal,{'weight': 1}
@ecrailway,@DRMDHN,{'weight': 1}
@Toponkumargogoi,@Malaya_Buragohain,{'weight': 1}
@Toponkumargogoi,@DHURBAJYOTI_CHANGMAI,{'weight': 1}
@Raashi,@aaakashvermaaa,{'weight': 1}
@Raashi,@kurmiAbhimanyu,{'weight': 1}
@Susmita70,@tiwarirohit,{'weight': 1}
@Susmita70,@vikaslaghate,{'weight': 1}
@Susmita70,@Aavishkar,{'weight': 1}
@Susmita70,@ramu8O81P,{'weight': 1}
@Susmita70,@jigar_k_patel,{'weight': 1}
@Susmita70,@Our.Quote.,{'weight': 1}
@rajubusa,@bandisanjay_bjp,{'weight': 1}
@im_prabhat30,@gappu627,{'weight': 1}
@gappu627,@Deepoosphilia,{'weight': 1}
@shreyashivi,@mohitjain0805,{'weight': 1}
@PIBJaipur,@yagnik178,{'weight': 1}
@manabdeka,@sunil_talukdarD7AMM,{'weight': 1}
@manabdeka,@raktim_dutta04,{'weight': 1}
@drhmprasanna,@rpmaiya,{'weight': 1}
@suchitra_phadke_03,@vinod_r108,{'weight': 1}
@mohdsakilkhan1,@zelda_1008,{'weight': 1}
@amitdhakar445,@amitdhakar445,{'weight': 1}
@sinhakaran,@thedhawalpathak,{'weight': 1}
@sinhakaran,@acuto,{'weight': 1}
@sinhakaran,@गंगा.रंजन.RSS,{'weight': 1}
@SudhanshuJiMaharaj,@वीराम,{'weight': 1}
@SudhanshuJiMaharaj,@Chunilal_Bhatia,{'weight': 1}
@SudhanshuJiMaharaj,@RPChaudharyComdtAssamRiflesPZJT,{'weight': 1}
@Deepoosphilia,@AISWARYA_S_KUMAR,{'weight': 1}
@Deepoosphilia,@a_b_h_i_s_h_e_k__,{'weight': 1}
@महेश_ध्रुव_समाजसेवी_व_चिंतक_सर्वांगीण_विकास_को_तत्पर।,@singhania69,{'weight': 1}
@singhania69,@raghav_jhaI4N5O,{'weight': 1}
@kalahandia,@Iam_Manas07,{'weight': 1}
@kalahandia,@himantabiswa,{'weight': 1}
@bandisanjay_bjp,@kumar6RUTG,{'weight': 1}
@bandisanjay_bjp,@MINNU_NETHA,{'weight': 1}
@bandisanjay_bjp,@raman_rajILARK,{'weight': 1}
@st4sanjay,@dathereal,{'weight': 1}
@hci_ottawa,@Deep_Ganguly,{'weight': 1}
@anjha,@dhananjay_kumarVUQS,{'weight': 1}
@himantabiswa,@राहुल_रघुवंशी,{'weight': 1}
@himantabiswa,@rosh_singh98,{'weight': 1}
@himantabiswa,@ManjeetJangraBJP,{'weight': 1}
@himantabiswa,@ganesh_aapa,{'weight': 1}
@himantabiswa,@vidyapati_verma,{'weight': 1}
@himantabiswa,@rambabu_jaiswal,{'weight': 1}
@himantabiswa,@mahesh_kashyap,{'weight': 1}
@himantabiswa,@arvin_r,{'weight': 1}
@himantabiswa,@satish_nagrikar,{'weight': 1}
@himantabiswa,@nithinvk9535,{'weight': 1}
@himantabiswa,@raj89,{'weight': 1}
@himantabiswa,@कामद_शंकर,{'weight': 1}
@himantabiswa,@nihilis05,{'weight': 1}
@himantabiswa,@avbagur,{'weight': 1}
@himantabiswa,@vitthal_xbfw,{'weight': 1}
@himantabiswa,@ravi_rangachari,{'weight': 1}
@himantabiswa,@Venk_def,{'weight': 1}
@himantabiswa,@deshvanth_gowda,{'weight': 1}
@himantabiswa,@adityaSkumar,{'weight': 1}
@himantabiswa,@snipercoughing,{'weight': 1}
@himantabiswa,@sunitpanna,{'weight': 1}
@himantabiswa,@jaspreet4OOB9,{'weight': 1}
@himantabiswa,@vivekm6,{'weight': 1}
@himantabiswa,@anjali117,{'weight': 1}
@himantabiswa,@RGIndia1,{'weight': 1}
@himantabiswa,@s.s.rawatzgxp,{'weight': 1}
@himantabiswa,@madhuri.d,{'weight': 1}
@himantabiswa,@shashi_editor,{'weight': 1}
@himantabiswa,@bj2021,{'weight': 1}
@himantabiswa,@RudraBalsara,{'weight': 1}
@himantabiswa,@vikram_80,{'weight': 1}
@himantabiswa,@gautam6NI1U,{'weight': 1}
@himantabiswa,@messiah,{'weight': 1}
@himantabiswa,@virendra_sharmaANDGB,{'weight': 1}
@himantabiswa,@being_nabnit,{'weight': 1}
@conclusivemedia,@nitinexplains,{'weight': 2}
@conclusivemedia,@Shankar_Mahadevan,{'weight': 1}
@Shankar_Mahadevan,@psuwatch,{'weight': 1}
@AITC4Goa,@SUPRADIPSEN2,{'weight': 1}
@AITC4Goa,@DurgaGorai3,{'weight': 1}
@oluwaviera,@Love_Nigeria,{'weight': 1}
@oluwaviera,@Proudly9ja,{'weight': 1}
@oluwaviera,@bashir_L,{'weight': 1}
@oluwaviera,@GenBuhariDurojaye,{'weight': 1}
@be.mahi,@sanjay_chajed,{'weight': 1}
@HarshavardhanMuppavarapu,@durga_prasadCUSC4,{'weight': 1}
@mygovindia,@n_revanna,{'weight': 1}
@mygovindia,@vijetamalikbjp,{'weight': 1}
@mygovindia,@DiNesh_thakur1992,{'weight': 1}
@mygovindia,@ubermensch,{'weight': 1}
@mygovindia,@सावताराम,{'weight': 1}
@mygovindia,@sᴏɴᴛᴜ123,{'weight': 1}
@mygovindia,@BJPMinMorchaMH,{'weight': 1}
@newsgroupmedia,@newsgroupmedia,{'weight': 1}
